StartDate,Start Date,"{""ImportId"":""startDate"",""timeZone"":""America/Denver""}",2/4/24 16:30,2/4/24 16:30
EndDate,End Date,"{""ImportId"":""endDate"",""timeZone"":""America/Denver""}",2/4/24 16:30,2/4/24 16:30
Status,Response Type,"{""ImportId"":""status""}",Survey Test,Survey Test
IPAddress,IP Address,"{""ImportId"":""ipAddress""}",*******,*******
Progress,Progress,"{""ImportId"":""progress""}",100,100
Duration (in seconds),Duration (in seconds),"{""ImportId"":""duration""}",1,0
Finished,Finished,"{""ImportId"":""finished""}",TRUE,TRUE
RecordedDate,Recorded Date,"{""ImportId"":""recordedDate"",""timeZone"":""America/Denver""}",2/4/24 16:30,2/4/24 16:30
ResponseId,Response ID,"{""ImportId"":""_recordId""}",R_6Dyu56RMFF5c1ds,R_2ukXxXL4VMhQOZo
RecipientLastName,Recipient Last Name,"{""ImportId"":""recipientLastName""}",*******,*******
RecipientFirstName,Recipient First Name,"{""ImportId"":""recipientFirstName""}",*******,*******
RecipientEmail,Recipient Email,"{""ImportId"":""recipientEmail""}",*******,*******
ExternalReference,External Data Reference,"{""ImportId"":""externalDataReference""}",*******,*******
LocationLatitude,Location Latitude,"{""ImportId"":""locationLatitude""}",*******,*******
LocationLongitude,Location Longitude,"{""ImportId"":""locationLongitude""}",*******,*******
DistributionChannel,Distribution Channel,"{""ImportId"":""distributionChannel""}",test,test
UserLanguage,User Language,"{""ImportId"":""userLanguage""}",,
Q_RecaptchaScore,Q_RecaptchaScore,"{""ImportId"":""Q_RecaptchaScore""}",,
ID_PROLIFIC,Please enter your Prolific ID here:,"{""ImportId"":""QID1317169829_TEXT""}",Suscipit porttitor felis laoreet interdum cras velit dignissim? Vehicula? Pede vehicula.,"Vitae vel mi, consequat? Mauris tellus interdum? Lectus nullam nulla primis aliquet? Amet aenean velit."
BROWSER_Browser,Click to write the question text - Browser,"{""ImportId"":""QID235_BROWSER""}",scelerisque,consequat
BROWSER_Version,Click to write the question text - Version,"{""ImportId"":""QID235_VERSION""}",venenatis,phasellus
BROWSER_Operating System,Click to write the question text - Operating System,"{""ImportId"":""QID235_OS""}",pellentesque,consequat
BROWSER_Resolution,Click to write the question text - Resolution,"{""ImportId"":""QID235_RESOLUTION""}",venenatis,vestibulum
Q_PLATFORM,Which social media platform do you want to imagine?,"{""ImportId"":""QID130""}",Instagram,Reddit
1_loop-number,https://mit.co1.qualtrics.com/ControlPanel/Graphic.php?IM=IM_2o6sb6woRG4v68J - 1_loop-number,"{""ImportId"":""1_QID241_TEXT""}",6,6
1_Q_ENCOUNTER,"https://mit.co1.qualtrics.com/ControlPanel/Graphic.php?IM=IM_2o6sb6woRG4v68J - As you're scrolling through your feed, you see this image.  What would you do?","{""ImportId"":""1_QID131""}",engage,scroll
1_comment,"After you pause and look at the image, which of the following would you do next? - https://mit.co1.qualtrics.com/ControlPanel/Graphic.php?IM=IM_2o6sb6woRG4v68J - post a comment","{""ImportId"":""1_QID149_10""}",NO,
1_share,"After you pause and look at the image, which of the following would you do next? - https://mit.co1.qualtrics.com/ControlPanel/Graphic.php?IM=IM_2o6sb6woRG4v68J - share / repost","{""ImportId"":""1_QID149_11""}",YES,
1_share_comment,"After you pause and look at the image, which of the following would you do next? - https://mit.co1.qualtrics.com/ControlPanel/Graphic.php?IM=IM_2o6sb6woRG4v68J - share / repost WITH comment","{""ImportId"":""1_QID149_3""}",NO,
1_research,"After you pause and look at the image, which of the following would you do next? - https://mit.co1.qualtrics.com/ControlPanel/Graphic.php?IM=IM_2o6sb6woRG4v68J - look up more information about the topic or source","{""ImportId"":""1_QID149_9""}",NO,
1_unfollow,"After you pause and look at the image, which of the following would you do next? - https://mit.co1.qualtrics.com/ControlPanel/Graphic.php?IM=IM_2o6sb6woRG4v68J - unfollow / block the source","{""ImportId"":""1_QID149_4""}",YES,
1_NOTHING,"After you pause and look at the image, which of the following would you do next? - https://mit.co1.qualtrics.com/ControlPanel/Graphic.php?IM=IM_2o6sb6woRG4v68J - NOTHING — just keep scrolling","{""ImportId"":""1_QID149_7""}",NO,
1_Q_BEHAVIOR_EXPLAIN,https://mit.co1.qualtrics.com/ControlPanel/Graphic.php?IM=IM_2o6sb6woRG4v68J - What about the image makes you want to take that action?,"{""ImportId"":""1_QID153_TEXT""}",Sodales egestas ante fusce ultricies pede ultricies augue. Felis euismod? Cras a mi.,
1_Q_MAKER_ID,https://mit.co1.qualtrics.com/ControlPanel/Graphic.php?IM=IM_2o6sb6woRG4v68J - Who do you think is most likely responsible for having this image created?,"{""ImportId"":""1_QID154""}",academic,government
1_Q_MAKER_ID_CONF_65,Please rate your confidence in this choice. - https://mit.co1.qualtrics.com/ControlPanel/Graphic.php?IM=IM_2o6sb6woRG4v68J - Please rate your confidence in this choice.,"{""ImportId"":""1_QID157_65""}",34,21
1_Q_MAKER_ID_DETAIL,https://mit.co1.qualtrics.com/ControlPanel/Graphic.php?IM=IM_2o6sb6woRG4v68J - Please describe what organization or individual is likely to have created this image.,"{""ImportId"":""1_QID155_TEXT""}",Laoreet sodales vehicula cursus neque leo nec nunc dolor imperdiet! Tempora at pharetra.,Velit lorem vestibulum euismod! Posuere orci vulputate felis per pharetra eu.
1_Q_MAKER_AGE_1,1_Q_MAKER_AGE - https://mit.co1.qualtrics.com/ControlPanel/Graphic.php?IM=IM_2o6sb6woRG4v68J - 1_Q_MAKER_AGE,"{""ImportId"":""1_QID162_1""}",94,24
1_Q_MAKER_GENDER_1,1_Q_MAKER_GENDER - https://mit.co1.qualtrics.com/ControlPanel/Graphic.php?IM=IM_2o6sb6woRG4v68J - 1_Q_MAKER_GENDER,"{""ImportId"":""1_QID164_1""}",84,82
1_Q_MAKER_DESIGN_1,1_Q_MAKER_DESIGN - https://mit.co1.qualtrics.com/ControlPanel/Graphic.php?IM=IM_2o6sb6woRG4v68J - 1_Q_MAKER_DESIGN,"{""ImportId"":""1_QID165_1""}",54,44
1_Q_MAKER_DATA_1,1_Q_MAKER_DATA - https://mit.co1.qualtrics.com/ControlPanel/Graphic.php?IM=IM_2o6sb6woRG4v68J - 1_Q_MAKER_DATA,"{""ImportId"":""1_QID166_1""}",34,74
1_Q_MAKER_SPECTRUM_1,1_Q_MAKER_SPECTRUM - https://mit.co1.qualtrics.com/ControlPanel/Graphic.php?IM=IM_2o6sb6woRG4v68J - 1_Q_MAKER_SPECTRUM,"{""ImportId"":""1_QID159_1""}",16,18
1_Q_MAKER_EXPERT_1,1_Q_MAKER_EXPERT - https://mit.co1.qualtrics.com/ControlPanel/Graphic.php?IM=IM_2o6sb6woRG4v68J - 1_Q_MAKER_EXPERT,"{""ImportId"":""1_QID167_1""}",100,19
1_Q_MAKER_CHAR_EXPLAIN,"https://mit.co1.qualtrics.com/ControlPanel/Graphic.php?IM=IM_2o6sb6woRG4v68J - Please describe what about the image (in as much detail as possible) informs your responses to the questions above, and why.","{""ImportId"":""1_QID231_TEXT""}",Atque mauris. Nibh? Tempus ab nec pretium eleifend ac. Interdum pharetra nunc. Lacus velit.,Suscipit! Pharetra nonummy? Placerat sollicitudin fermentum? Justo? Mi. Ipsum auctor? Risus pharetra blandit.
1_Q_MAKER_BIAS_1,1_Q_MAKER_BIAS - https://mit.co1.qualtrics.com/ControlPanel/Graphic.php?IM=IM_2o6sb6woRG4v68J - 1_Q_MAKER_BIAS,"{""ImportId"":""1_QID168_1""}",26,27
1_Q_MAKER_ALIGNMENT_1,1_Q_MAKER_ALIGNMENT - https://mit.co1.qualtrics.com/ControlPanel/Graphic.php?IM=IM_2o6sb6woRG4v68J - 1_Q_MAKER_ALIGNMENT,"{""ImportId"":""1_QID169_1""}",10,21
1_Q_MAKER_COMPETENCE_1,1_Q_MAKER_COMPETENCE - https://mit.co1.qualtrics.com/ControlPanel/Graphic.php?IM=IM_2o6sb6woRG4v68J - 1_Q_MAKER_COMPETENCE,"{""ImportId"":""1_QID170_1""}",92,7
1_Q_MAKER_TRUST_1,1_Q_MAKER_TRUST - https://mit.co1.qualtrics.com/ControlPanel/Graphic.php?IM=IM_2o6sb6woRG4v68J - 1_Q_MAKER_TRUST,"{""ImportId"":""1_QID171_1""}",95,85
1_Q_MAKER_POLITE_1,1_Q_MAKER_POLITE - https://mit.co1.qualtrics.com/ControlPanel/Graphic.php?IM=IM_2o6sb6woRG4v68J - 1_Q_MAKER_POLITE,"{""ImportId"":""1_QID172_1""}",18,32
1_Q_MAKER_CARE_1,1_Q_MAKER_CARE - https://mit.co1.qualtrics.com/ControlPanel/Graphic.php?IM=IM_2o6sb6woRG4v68J - 1_Q_MAKER_CARE,"{""ImportId"":""1_QID173_1""}",39,19
1_Q_MAKER_ATT_EXPLAIN,"https://mit.co1.qualtrics.com/ControlPanel/Graphic.php?IM=IM_2o6sb6woRG4v68J - Please describe what about the image (in as much detail as possible) informs your responses to the questions above, and why.","{""ImportId"":""1_QID232_TEXT""}",Accumsan dolor nullam rhoncus primis enim? Leo montes tortor ullamcorper.,Donec leo maecenas gravida faucibus nunc nulla enim? Convallis. Justo consectetuer aenean curabitur mauris? Diam.
1_Q_INSTRUMENT_ID,https://mit.co1.qualtrics.com/ControlPanel/Graphic.php?IM=IM_2o6sb6woRG4v68J - What tool do you think was mostly likely used to create this image?,"{""ImportId"":""1_QID177""}","design_basic,design_advanced,viz_advanced,viz_basic,programming","viz_basic,programming"
1_Q_INSTRUMENT_CONF_65,Please rate your confidence in this choice. - https://mit.co1.qualtrics.com/ControlPanel/Graphic.php?IM=IM_2o6sb6woRG4v68J - Please rate your confidence in this choice.,"{""ImportId"":""1_QID178_65""}",59,18
1_Q_INSTRUMENT_DETAIL,https://mit.co1.qualtrics.com/ControlPanel/Graphic.php?IM=IM_2o6sb6woRG4v68J - Please specify what specific tool(s)/libraries were most likely used to create this image.,"{""ImportId"":""1_QID179_TEXT""}",Id. Morbi? Pretium. Dapibus? Commodo dolor etiam vulputate! Wisi porttitor. Neque. Porttitor id.,Luctus dui consectetuer leo platea ultrices diam sapien! Scelerisque nunc neque et.
1_Q_CHART_INFORM_1,Do you think this image is intended: - https://mit.co1.qualtrics.com/ControlPanel/Graphic.php?IM=IM_2o6sb6woRG4v68J - Do you think this image is intended:,"{""ImportId"":""1_QID181_1""}",64,100
1_Q_CHART_LIKE_1,How much do you LIKE this image? - https://mit.co1.qualtrics.com/ControlPanel/Graphic.php?IM=IM_2o6sb6woRG4v68J - How much do you LIKE this image?,"{""ImportId"":""1_QID188_1""}",66,45
1_Q_CHART_EFFECTIVE_1,How EFFECTIVE is this image? - https://mit.co1.qualtrics.com/ControlPanel/Graphic.php?IM=IM_2o6sb6woRG4v68J - How EFFECTIVE is this image?,"{""ImportId"":""1_QID191_1""}",58,62
1_Q_CHART_TRUST_1,How much do you TRUST this image? - https://mit.co1.qualtrics.com/ControlPanel/Graphic.php?IM=IM_2o6sb6woRG4v68J - How much do you TRUST this image?,"{""ImportId"":""1_QID189_1""}",54,45
1_Q_CHART_AESTHETIC_1,How AESTHETICALLY PLEASING is this image? - https://mit.co1.qualtrics.com/ControlPanel/Graphic.php?IM=IM_2o6sb6woRG4v68J - How AESTHETICALLY PLEASING is this image?,"{""ImportId"":""1_QID190_1""}",54,0
1_Q_CONCLUSION_EXPLAIN,"https://mit.co1.qualtrics.com/ControlPanel/Graphic.php?IM=IM_2o6sb6woRG4v68J - Please describe what you think about this image in as much detail as possible. It is helpful if you describe what about the image informs your response to the questions above, and why.","{""ImportId"":""1_QID187_TEXT""}",Nibh felis quam vulputate. Tempus porta venenatis! Massa? Aliquet ullamcorper temporibus non.,Non nibh sollicitudin platea volutpat placerat ultricies scelerisque purus. Etiam natoque wisi. Elementum bibendum dolorem.
2_loop-number,https://mit.co1.qualtrics.com/ControlPanel/Graphic.php?IM=IM_EFCMWjaJhikjNsb - 2_loop-number,"{""ImportId"":""2_QID241_TEXT""}",5,4
2_Q_ENCOUNTER,"https://mit.co1.qualtrics.com/ControlPanel/Graphic.php?IM=IM_EFCMWjaJhikjNsb - As you're scrolling through your feed, you see this image.  What would you do?","{""ImportId"":""2_QID131""}",scroll,scroll
2_comment,"After you pause and look at the image, which of the following would you do next? - https://mit.co1.qualtrics.com/ControlPanel/Graphic.php?IM=IM_EFCMWjaJhikjNsb - post a comment","{""ImportId"":""2_QID149_10""}",,
2_share,"After you pause and look at the image, which of the following would you do next? - https://mit.co1.qualtrics.com/ControlPanel/Graphic.php?IM=IM_EFCMWjaJhikjNsb - share / repost","{""ImportId"":""2_QID149_11""}",,
2_share_comment,"After you pause and look at the image, which of the following would you do next? - https://mit.co1.qualtrics.com/ControlPanel/Graphic.php?IM=IM_EFCMWjaJhikjNsb - share / repost WITH comment","{""ImportId"":""2_QID149_3""}",,
2_research,"After you pause and look at the image, which of the following would you do next? - https://mit.co1.qualtrics.com/ControlPanel/Graphic.php?IM=IM_EFCMWjaJhikjNsb - look up more information about the topic or source","{""ImportId"":""2_QID149_9""}",,
2_unfollow,"After you pause and look at the image, which of the following would you do next? - https://mit.co1.qualtrics.com/ControlPanel/Graphic.php?IM=IM_EFCMWjaJhikjNsb - unfollow / block the source","{""ImportId"":""2_QID149_4""}",,
2_NOTHING,"After you pause and look at the image, which of the following would you do next? - https://mit.co1.qualtrics.com/ControlPanel/Graphic.php?IM=IM_EFCMWjaJhikjNsb - NOTHING — just keep scrolling","{""ImportId"":""2_QID149_7""}",,
2_Q_BEHAVIOR_EXPLAIN,https://mit.co1.qualtrics.com/ControlPanel/Graphic.php?IM=IM_EFCMWjaJhikjNsb - What about the image makes you want to take that action?,"{""ImportId"":""2_QID153_TEXT""}",,
2_Q_MAKER_ID,https://mit.co1.qualtrics.com/ControlPanel/Graphic.php?IM=IM_EFCMWjaJhikjNsb - Who do you think is most likely responsible for having this image created?,"{""ImportId"":""2_QID154""}",business,business
2_Q_MAKER_ID_CONF_65,Please rate your confidence in this choice. - https://mit.co1.qualtrics.com/ControlPanel/Graphic.php?IM=IM_EFCMWjaJhikjNsb - Please rate your confidence in this choice.,"{""ImportId"":""2_QID157_65""}",33,21
2_Q_MAKER_ID_DETAIL,https://mit.co1.qualtrics.com/ControlPanel/Graphic.php?IM=IM_EFCMWjaJhikjNsb - Please describe what organization or individual is likely to have created this image.,"{""ImportId"":""2_QID155_TEXT""}","Etiam. Blandit lorem? Diam rhoncus eu leo volutpat, laoreet! Vestibulum.",Suscipit. Tellus tortor primis temporibus at odio scelerisque vestibulum etiam montes sollicitudin.
2_Q_MAKER_AGE_1,2_Q_MAKER_AGE - https://mit.co1.qualtrics.com/ControlPanel/Graphic.php?IM=IM_EFCMWjaJhikjNsb - 2_Q_MAKER_AGE,"{""ImportId"":""2_QID162_1""}",0,34
2_Q_MAKER_GENDER_1,2_Q_MAKER_GENDER - https://mit.co1.qualtrics.com/ControlPanel/Graphic.php?IM=IM_EFCMWjaJhikjNsb - 2_Q_MAKER_GENDER,"{""ImportId"":""2_QID164_1""}",13,99
2_Q_MAKER_DESIGN_1,2_Q_MAKER_DESIGN - https://mit.co1.qualtrics.com/ControlPanel/Graphic.php?IM=IM_EFCMWjaJhikjNsb - 2_Q_MAKER_DESIGN,"{""ImportId"":""2_QID165_1""}",8,77
2_Q_MAKER_DATA_1,2_Q_MAKER_DATA - https://mit.co1.qualtrics.com/ControlPanel/Graphic.php?IM=IM_EFCMWjaJhikjNsb - 2_Q_MAKER_DATA,"{""ImportId"":""2_QID166_1""}",1,25
2_Q_MAKER_SPECTRUM_1,2_Q_MAKER_SPECTRUM - https://mit.co1.qualtrics.com/ControlPanel/Graphic.php?IM=IM_EFCMWjaJhikjNsb - 2_Q_MAKER_SPECTRUM,"{""ImportId"":""2_QID159_1""}",94,7
2_Q_MAKER_EXPERT_1,2_Q_MAKER_EXPERT - https://mit.co1.qualtrics.com/ControlPanel/Graphic.php?IM=IM_EFCMWjaJhikjNsb - 2_Q_MAKER_EXPERT,"{""ImportId"":""2_QID167_1""}",4,51
2_Q_MAKER_CHAR_EXPLAIN,"https://mit.co1.qualtrics.com/ControlPanel/Graphic.php?IM=IM_EFCMWjaJhikjNsb - Please describe what about the image (in as much detail as possible) informs your responses to the questions above, and why.","{""ImportId"":""2_QID231_TEXT""}","Magna cras aliquet facilisi, erat, eleifend wisi id sapien eros vulputate ante est.","Montes pellentesque? Temporibus sagittis? Magna metus, venenatis sed aliquam. Sed."
2_Q_MAKER_BIAS_1,2_Q_MAKER_BIAS - https://mit.co1.qualtrics.com/ControlPanel/Graphic.php?IM=IM_EFCMWjaJhikjNsb - 2_Q_MAKER_BIAS,"{""ImportId"":""2_QID168_1""}",89,68
2_Q_MAKER_ALIGNMENT_1,2_Q_MAKER_ALIGNMENT - https://mit.co1.qualtrics.com/ControlPanel/Graphic.php?IM=IM_EFCMWjaJhikjNsb - 2_Q_MAKER_ALIGNMENT,"{""ImportId"":""2_QID169_1""}",10,79
2_Q_MAKER_COMPETENCE_1,2_Q_MAKER_COMPETENCE - https://mit.co1.qualtrics.com/ControlPanel/Graphic.php?IM=IM_EFCMWjaJhikjNsb - 2_Q_MAKER_COMPETENCE,"{""ImportId"":""2_QID170_1""}",94,22
2_Q_MAKER_TRUST_1,2_Q_MAKER_TRUST - https://mit.co1.qualtrics.com/ControlPanel/Graphic.php?IM=IM_EFCMWjaJhikjNsb - 2_Q_MAKER_TRUST,"{""ImportId"":""2_QID171_1""}",23,53
2_Q_MAKER_POLITE_1,2_Q_MAKER_POLITE - https://mit.co1.qualtrics.com/ControlPanel/Graphic.php?IM=IM_EFCMWjaJhikjNsb - 2_Q_MAKER_POLITE,"{""ImportId"":""2_QID172_1""}",59,53
2_Q_MAKER_CARE_1,2_Q_MAKER_CARE - https://mit.co1.qualtrics.com/ControlPanel/Graphic.php?IM=IM_EFCMWjaJhikjNsb - 2_Q_MAKER_CARE,"{""ImportId"":""2_QID173_1""}",25,19
2_Q_MAKER_ATT_EXPLAIN,"https://mit.co1.qualtrics.com/ControlPanel/Graphic.php?IM=IM_EFCMWjaJhikjNsb - Please describe what about the image (in as much detail as possible) informs your responses to the questions above, and why.","{""ImportId"":""2_QID232_TEXT""}","Ante aenean. Potenti morbi velit maecenas luctus vel ut duis, neque primis.","Facilisis malesuada sem culpa duis velit placerat facilisis, massa dignissim."
2_Q_INSTRUMENT_ID,https://mit.co1.qualtrics.com/ControlPanel/Graphic.php?IM=IM_EFCMWjaJhikjNsb - What tool do you think was mostly likely used to create this image?,"{""ImportId"":""2_QID177""}","design_basic,design_advanced,viz_advanced,viz_basic,programming","design_basic,viz_basic"
2_Q_INSTRUMENT_CONF_65,Please rate your confidence in this choice. - https://mit.co1.qualtrics.com/ControlPanel/Graphic.php?IM=IM_EFCMWjaJhikjNsb - Please rate your confidence in this choice.,"{""ImportId"":""2_QID178_65""}",29,47
2_Q_INSTRUMENT_DETAIL,https://mit.co1.qualtrics.com/ControlPanel/Graphic.php?IM=IM_EFCMWjaJhikjNsb - Please specify what specific tool(s)/libraries were most likely used to create this image.,"{""ImportId"":""2_QID179_TEXT""}",A tempora vestibulum atque etiam. Commodo blandit. Accusamus laoreet mi suspendisse tincidunt.,"Fusce enim est ligula wisi sit eros? Interdum aliquam sollicitudin sodales, mattis leo pretium curabitur."
2_Q_CHART_INFORM_1,Do you think this image is intended: - https://mit.co1.qualtrics.com/ControlPanel/Graphic.php?IM=IM_EFCMWjaJhikjNsb - Do you think this image is intended:,"{""ImportId"":""2_QID181_1""}",54,84
2_Q_CHART_LIKE_1,How much do you LIKE this image? - https://mit.co1.qualtrics.com/ControlPanel/Graphic.php?IM=IM_EFCMWjaJhikjNsb - How much do you LIKE this image?,"{""ImportId"":""2_QID188_1""}",0,40
2_Q_CHART_EFFECTIVE_1,How EFFECTIVE is this image? - https://mit.co1.qualtrics.com/ControlPanel/Graphic.php?IM=IM_EFCMWjaJhikjNsb - How EFFECTIVE is this image?,"{""ImportId"":""2_QID191_1""}",61,12
2_Q_CHART_TRUST_1,How much do you TRUST this image? - https://mit.co1.qualtrics.com/ControlPanel/Graphic.php?IM=IM_EFCMWjaJhikjNsb - How much do you TRUST this image?,"{""ImportId"":""2_QID189_1""}",50,19
2_Q_CHART_AESTHETIC_1,How AESTHETICALLY PLEASING is this image? - https://mit.co1.qualtrics.com/ControlPanel/Graphic.php?IM=IM_EFCMWjaJhikjNsb - How AESTHETICALLY PLEASING is this image?,"{""ImportId"":""2_QID190_1""}",91,98
2_Q_CONCLUSION_EXPLAIN,"https://mit.co1.qualtrics.com/ControlPanel/Graphic.php?IM=IM_EFCMWjaJhikjNsb - Please describe what you think about this image in as much detail as possible. It is helpful if you describe what about the image informs your response to the questions above, and why.","{""ImportId"":""2_QID187_TEXT""}",Nullam dolorem sapien! Dolor amet commodo lectus eget venenatis. Sapien elit pretium eros ridiculus.,Natoque tempus fermentum mauris purus gravida luctus? Wisi. Quis eu scelerisque dapibus. Etiam.
3_loop-number,https://mit.co1.qualtrics.com/ControlPanel/Graphic.php?IM=IM_XJsGdxtmGuzJ3Su - 3_loop-number,"{""ImportId"":""3_QID241_TEXT""}",5,7
3_Q_ENCOUNTER,"https://mit.co1.qualtrics.com/ControlPanel/Graphic.php?IM=IM_XJsGdxtmGuzJ3Su - As you're scrolling through your feed, you see this image.  What would you do?","{""ImportId"":""3_QID131""}",engage,scroll
3_comment,"After you pause and look at the image, which of the following would you do next? - https://mit.co1.qualtrics.com/ControlPanel/Graphic.php?IM=IM_XJsGdxtmGuzJ3Su - post a comment","{""ImportId"":""3_QID149_10""}",NO,
3_share,"After you pause and look at the image, which of the following would you do next? - https://mit.co1.qualtrics.com/ControlPanel/Graphic.php?IM=IM_XJsGdxtmGuzJ3Su - share / repost","{""ImportId"":""3_QID149_11""}",NO,
3_share_comment,"After you pause and look at the image, which of the following would you do next? - https://mit.co1.qualtrics.com/ControlPanel/Graphic.php?IM=IM_XJsGdxtmGuzJ3Su - share / repost WITH comment","{""ImportId"":""3_QID149_3""}",YES,
3_research,"After you pause and look at the image, which of the following would you do next? - https://mit.co1.qualtrics.com/ControlPanel/Graphic.php?IM=IM_XJsGdxtmGuzJ3Su - look up more information about the topic or source","{""ImportId"":""3_QID149_9""}",YES,
3_unfollow,"After you pause and look at the image, which of the following would you do next? - https://mit.co1.qualtrics.com/ControlPanel/Graphic.php?IM=IM_XJsGdxtmGuzJ3Su - unfollow / block the source","{""ImportId"":""3_QID149_4""}",YES,
3_NOTHING,"After you pause and look at the image, which of the following would you do next? - https://mit.co1.qualtrics.com/ControlPanel/Graphic.php?IM=IM_XJsGdxtmGuzJ3Su - NOTHING — just keep scrolling","{""ImportId"":""3_QID149_7""}",NO,
3_Q_BEHAVIOR_EXPLAIN,https://mit.co1.qualtrics.com/ControlPanel/Graphic.php?IM=IM_XJsGdxtmGuzJ3Su - What about the image makes you want to take that action?,"{""ImportId"":""3_QID153_TEXT""}",Pretium ultricies! Amet vivamus cursus malesuada tempora molestie. Dolorem convallis pede aliquet orci metus.,
3_Q_MAKER_ID,https://mit.co1.qualtrics.com/ControlPanel/Graphic.php?IM=IM_XJsGdxtmGuzJ3Su - Who do you think is most likely responsible for having this image created?,"{""ImportId"":""3_QID154""}",person,person
3_Q_MAKER_ID_CONF_65,Please rate your confidence in this choice. - https://mit.co1.qualtrics.com/ControlPanel/Graphic.php?IM=IM_XJsGdxtmGuzJ3Su - Please rate your confidence in this choice.,"{""ImportId"":""3_QID157_65""}",11,77
3_Q_MAKER_ID_DETAIL,https://mit.co1.qualtrics.com/ControlPanel/Graphic.php?IM=IM_XJsGdxtmGuzJ3Su - Please describe what organization or individual is likely to have created this image.,"{""ImportId"":""3_QID155_TEXT""}",Ultricies. Potenti suspendisse iaculis lacus fusce ligula donec rhoncus ridiculus blandit.,Massa fringilla tortor? Pellentesque consectetuer sed cras pretium natoque urna velit.
3_Q_MAKER_AGE_1,3_Q_MAKER_AGE - https://mit.co1.qualtrics.com/ControlPanel/Graphic.php?IM=IM_XJsGdxtmGuzJ3Su - 3_Q_MAKER_AGE,"{""ImportId"":""3_QID162_1""}",9,82
3_Q_MAKER_GENDER_1,3_Q_MAKER_GENDER - https://mit.co1.qualtrics.com/ControlPanel/Graphic.php?IM=IM_XJsGdxtmGuzJ3Su - 3_Q_MAKER_GENDER,"{""ImportId"":""3_QID164_1""}",36,22
3_Q_MAKER_DESIGN_1,3_Q_MAKER_DESIGN - https://mit.co1.qualtrics.com/ControlPanel/Graphic.php?IM=IM_XJsGdxtmGuzJ3Su - 3_Q_MAKER_DESIGN,"{""ImportId"":""3_QID165_1""}",98,80
3_Q_MAKER_DATA_1,3_Q_MAKER_DATA - https://mit.co1.qualtrics.com/ControlPanel/Graphic.php?IM=IM_XJsGdxtmGuzJ3Su - 3_Q_MAKER_DATA,"{""ImportId"":""3_QID166_1""}",52,81
3_Q_MAKER_SPECTRUM_1,3_Q_MAKER_SPECTRUM - https://mit.co1.qualtrics.com/ControlPanel/Graphic.php?IM=IM_XJsGdxtmGuzJ3Su - 3_Q_MAKER_SPECTRUM,"{""ImportId"":""3_QID159_1""}",51,10
3_Q_MAKER_EXPERT_1,3_Q_MAKER_EXPERT - https://mit.co1.qualtrics.com/ControlPanel/Graphic.php?IM=IM_XJsGdxtmGuzJ3Su - 3_Q_MAKER_EXPERT,"{""ImportId"":""3_QID167_1""}",69,9
3_Q_MAKER_CHAR_EXPLAIN,"https://mit.co1.qualtrics.com/ControlPanel/Graphic.php?IM=IM_XJsGdxtmGuzJ3Su - Please describe what about the image (in as much detail as possible) informs your responses to the questions above, and why.","{""ImportId"":""3_QID231_TEXT""}","Cursus urna sollicitudin morbi. Vivamus convallis. Scelerisque sodales, sapien est? Aenean? Cras faucibus? At.","Morbi tortor porttitor! Sodales sodales orci venenatis vulputate dolorem! Egestas atque volutpat, vitae! Erat ullamcorper."
3_Q_MAKER_BIAS_1,3_Q_MAKER_BIAS - https://mit.co1.qualtrics.com/ControlPanel/Graphic.php?IM=IM_XJsGdxtmGuzJ3Su - 3_Q_MAKER_BIAS,"{""ImportId"":""3_QID168_1""}",63,73
3_Q_MAKER_ALIGNMENT_1,3_Q_MAKER_ALIGNMENT - https://mit.co1.qualtrics.com/ControlPanel/Graphic.php?IM=IM_XJsGdxtmGuzJ3Su - 3_Q_MAKER_ALIGNMENT,"{""ImportId"":""3_QID169_1""}",100,59
3_Q_MAKER_COMPETENCE_1,3_Q_MAKER_COMPETENCE - https://mit.co1.qualtrics.com/ControlPanel/Graphic.php?IM=IM_XJsGdxtmGuzJ3Su - 3_Q_MAKER_COMPETENCE,"{""ImportId"":""3_QID170_1""}",54,5
3_Q_MAKER_TRUST_1,3_Q_MAKER_TRUST - https://mit.co1.qualtrics.com/ControlPanel/Graphic.php?IM=IM_XJsGdxtmGuzJ3Su - 3_Q_MAKER_TRUST,"{""ImportId"":""3_QID171_1""}",79,23
3_Q_MAKER_POLITE_1,3_Q_MAKER_POLITE - https://mit.co1.qualtrics.com/ControlPanel/Graphic.php?IM=IM_XJsGdxtmGuzJ3Su - 3_Q_MAKER_POLITE,"{""ImportId"":""3_QID172_1""}",13,0
3_Q_MAKER_CARE_1,3_Q_MAKER_CARE - https://mit.co1.qualtrics.com/ControlPanel/Graphic.php?IM=IM_XJsGdxtmGuzJ3Su - 3_Q_MAKER_CARE,"{""ImportId"":""3_QID173_1""}",77,56
3_Q_MAKER_ATT_EXPLAIN,"https://mit.co1.qualtrics.com/ControlPanel/Graphic.php?IM=IM_XJsGdxtmGuzJ3Su - Please describe what about the image (in as much detail as possible) informs your responses to the questions above, and why.","{""ImportId"":""3_QID232_TEXT""}",Ultricies ac fringilla! Turpis a sem quis purus montes potenti amet etiam aenean.,"Porttitor vivamus? Suspendisse sagittis. Rutrum bibendum sagittis. Porttitor ridiculus interdum, velit nec! Magna."
3_Q_INSTRUMENT_ID,https://mit.co1.qualtrics.com/ControlPanel/Graphic.php?IM=IM_XJsGdxtmGuzJ3Su - What tool do you think was mostly likely used to create this image?,"{""ImportId"":""3_QID177""}","design_basic,design_advanced,viz_advanced,programming","design_basic,viz_advanced,programming"
3_Q_INSTRUMENT_CONF_65,Please rate your confidence in this choice. - https://mit.co1.qualtrics.com/ControlPanel/Graphic.php?IM=IM_XJsGdxtmGuzJ3Su - Please rate your confidence in this choice.,"{""ImportId"":""3_QID178_65""}",37,11
3_Q_INSTRUMENT_DETAIL,https://mit.co1.qualtrics.com/ControlPanel/Graphic.php?IM=IM_XJsGdxtmGuzJ3Su - Please specify what specific tool(s)/libraries were most likely used to create this image.,"{""ImportId"":""3_QID179_TEXT""}",Sodales culpa. Maecenas sollicitudin? Facilisis nullam posuere nonummy commodo eros! Mattis wisi.,Ultricies diam erat natoque fermentum tellus sed volutpat. Neque facilisis dolor nonummy? Atque turpis.
3_Q_CHART_INFORM_1,Do you think this image is intended: - https://mit.co1.qualtrics.com/ControlPanel/Graphic.php?IM=IM_XJsGdxtmGuzJ3Su - Do you think this image is intended:,"{""ImportId"":""3_QID181_1""}",76,39
3_Q_CHART_LIKE_1,How much do you LIKE this image? - https://mit.co1.qualtrics.com/ControlPanel/Graphic.php?IM=IM_XJsGdxtmGuzJ3Su - How much do you LIKE this image?,"{""ImportId"":""3_QID188_1""}",92,16
3_Q_CHART_EFFECTIVE_1,How EFFECTIVE is this image? - https://mit.co1.qualtrics.com/ControlPanel/Graphic.php?IM=IM_XJsGdxtmGuzJ3Su - How EFFECTIVE is this image?,"{""ImportId"":""3_QID191_1""}",43,97
3_Q_CHART_TRUST_1,How much do you TRUST this image? - https://mit.co1.qualtrics.com/ControlPanel/Graphic.php?IM=IM_XJsGdxtmGuzJ3Su - How much do you TRUST this image?,"{""ImportId"":""3_QID189_1""}",7,35
3_Q_CHART_AESTHETIC_1,How AESTHETICALLY PLEASING is this image? - https://mit.co1.qualtrics.com/ControlPanel/Graphic.php?IM=IM_XJsGdxtmGuzJ3Su - How AESTHETICALLY PLEASING is this image?,"{""ImportId"":""3_QID190_1""}",1,90
3_Q_CONCLUSION_EXPLAIN,"https://mit.co1.qualtrics.com/ControlPanel/Graphic.php?IM=IM_XJsGdxtmGuzJ3Su - Please describe what you think about this image in as much detail as possible. It is helpful if you describe what about the image informs your response to the questions above, and why.","{""ImportId"":""3_QID187_TEXT""}",Ab. Metus metus. Aliquet imperdiet et amet ligula leo faucibus cras atque nonummy.,Egestas platea luctus. Viverra dolorem phasellus sodales phasellus proin nonummy primis tincidunt platea eget.
4_loop-number,https://mit.co1.qualtrics.com/ControlPanel/Graphic.php?IM=IM_1Ox9DMolyhnjKke - 4_loop-number,"{""ImportId"":""4_QID241_TEXT""}",10,7
4_Q_ENCOUNTER,"https://mit.co1.qualtrics.com/ControlPanel/Graphic.php?IM=IM_1Ox9DMolyhnjKke - As you're scrolling through your feed, you see this image.  What would you do?","{""ImportId"":""4_QID131""}",scroll,engage
4_comment,"After you pause and look at the image, which of the following would you do next? - https://mit.co1.qualtrics.com/ControlPanel/Graphic.php?IM=IM_1Ox9DMolyhnjKke - post a comment","{""ImportId"":""4_QID149_10""}",,YES
4_share,"After you pause and look at the image, which of the following would you do next? - https://mit.co1.qualtrics.com/ControlPanel/Graphic.php?IM=IM_1Ox9DMolyhnjKke - share / repost","{""ImportId"":""4_QID149_11""}",,YES
4_share_comment,"After you pause and look at the image, which of the following would you do next? - https://mit.co1.qualtrics.com/ControlPanel/Graphic.php?IM=IM_1Ox9DMolyhnjKke - share / repost WITH comment","{""ImportId"":""4_QID149_3""}",,YES
4_research,"After you pause and look at the image, which of the following would you do next? - https://mit.co1.qualtrics.com/ControlPanel/Graphic.php?IM=IM_1Ox9DMolyhnjKke - look up more information about the topic or source","{""ImportId"":""4_QID149_9""}",,NO
4_unfollow,"After you pause and look at the image, which of the following would you do next? - https://mit.co1.qualtrics.com/ControlPanel/Graphic.php?IM=IM_1Ox9DMolyhnjKke - unfollow / block the source","{""ImportId"":""4_QID149_4""}",,YES
4_NOTHING,"After you pause and look at the image, which of the following would you do next? - https://mit.co1.qualtrics.com/ControlPanel/Graphic.php?IM=IM_1Ox9DMolyhnjKke - NOTHING — just keep scrolling","{""ImportId"":""4_QID149_7""}",,NO
4_Q_BEHAVIOR_EXPLAIN,https://mit.co1.qualtrics.com/ControlPanel/Graphic.php?IM=IM_1Ox9DMolyhnjKke - What about the image makes you want to take that action?,"{""ImportId"":""4_QID153_TEXT""}",,"Erat sagittis quam, molestie velit est ultrices pede ultrices rhoncus egestas natoque magnis."
4_Q_MAKER_ID,https://mit.co1.qualtrics.com/ControlPanel/Graphic.php?IM=IM_1Ox9DMolyhnjKke - Who do you think is most likely responsible for having this image created?,"{""ImportId"":""4_QID154""}",non-profit,local-news
4_Q_MAKER_ID_CONF_65,Please rate your confidence in this choice. - https://mit.co1.qualtrics.com/ControlPanel/Graphic.php?IM=IM_1Ox9DMolyhnjKke - Please rate your confidence in this choice.,"{""ImportId"":""4_QID157_65""}",31,14
4_Q_MAKER_ID_DETAIL,https://mit.co1.qualtrics.com/ControlPanel/Graphic.php?IM=IM_1Ox9DMolyhnjKke - Please describe what organization or individual is likely to have created this image.,"{""ImportId"":""4_QID155_TEXT""}",Fringilla primis iaculis? Pharetra neque rutrum gravida nunc gravida accumsan nulla ante elementum.,"Primis gravida augue, accusamus massa massa maecenas ac est diam tempus."
4_Q_MAKER_AGE_1,4_Q_MAKER_AGE - https://mit.co1.qualtrics.com/ControlPanel/Graphic.php?IM=IM_1Ox9DMolyhnjKke - 4_Q_MAKER_AGE,"{""ImportId"":""4_QID162_1""}",30,29
4_Q_MAKER_GENDER_1,4_Q_MAKER_GENDER - https://mit.co1.qualtrics.com/ControlPanel/Graphic.php?IM=IM_1Ox9DMolyhnjKke - 4_Q_MAKER_GENDER,"{""ImportId"":""4_QID164_1""}",67,73
4_Q_MAKER_DESIGN_1,4_Q_MAKER_DESIGN - https://mit.co1.qualtrics.com/ControlPanel/Graphic.php?IM=IM_1Ox9DMolyhnjKke - 4_Q_MAKER_DESIGN,"{""ImportId"":""4_QID165_1""}",56,25
4_Q_MAKER_DATA_1,4_Q_MAKER_DATA - https://mit.co1.qualtrics.com/ControlPanel/Graphic.php?IM=IM_1Ox9DMolyhnjKke - 4_Q_MAKER_DATA,"{""ImportId"":""4_QID166_1""}",82,66
4_Q_MAKER_SPECTRUM_1,4_Q_MAKER_SPECTRUM - https://mit.co1.qualtrics.com/ControlPanel/Graphic.php?IM=IM_1Ox9DMolyhnjKke - 4_Q_MAKER_SPECTRUM,"{""ImportId"":""4_QID159_1""}",88,37
4_Q_MAKER_EXPERT_1,4_Q_MAKER_EXPERT - https://mit.co1.qualtrics.com/ControlPanel/Graphic.php?IM=IM_1Ox9DMolyhnjKke - 4_Q_MAKER_EXPERT,"{""ImportId"":""4_QID167_1""}",15,47
4_Q_MAKER_CHAR_EXPLAIN,"https://mit.co1.qualtrics.com/ControlPanel/Graphic.php?IM=IM_1Ox9DMolyhnjKke - Please describe what about the image (in as much detail as possible) informs your responses to the questions above, and why.","{""ImportId"":""4_QID231_TEXT""}",Mattis orci leo. Aliquam id natoque vulputate ante posuere luctus faucibus praesent magna.,Id purus. Facilisis ultrices platea rutrum tellus! Amet elit. Gravida.
4_Q_MAKER_BIAS_1,4_Q_MAKER_BIAS - https://mit.co1.qualtrics.com/ControlPanel/Graphic.php?IM=IM_1Ox9DMolyhnjKke - 4_Q_MAKER_BIAS,"{""ImportId"":""4_QID168_1""}",65,14
4_Q_MAKER_ALIGNMENT_1,4_Q_MAKER_ALIGNMENT - https://mit.co1.qualtrics.com/ControlPanel/Graphic.php?IM=IM_1Ox9DMolyhnjKke - 4_Q_MAKER_ALIGNMENT,"{""ImportId"":""4_QID169_1""}",8,86
4_Q_MAKER_COMPETENCE_1,4_Q_MAKER_COMPETENCE - https://mit.co1.qualtrics.com/ControlPanel/Graphic.php?IM=IM_1Ox9DMolyhnjKke - 4_Q_MAKER_COMPETENCE,"{""ImportId"":""4_QID170_1""}",50,55
4_Q_MAKER_TRUST_1,4_Q_MAKER_TRUST - https://mit.co1.qualtrics.com/ControlPanel/Graphic.php?IM=IM_1Ox9DMolyhnjKke - 4_Q_MAKER_TRUST,"{""ImportId"":""4_QID171_1""}",67,10
4_Q_MAKER_POLITE_1,4_Q_MAKER_POLITE - https://mit.co1.qualtrics.com/ControlPanel/Graphic.php?IM=IM_1Ox9DMolyhnjKke - 4_Q_MAKER_POLITE,"{""ImportId"":""4_QID172_1""}",66,32
4_Q_MAKER_CARE_1,4_Q_MAKER_CARE - https://mit.co1.qualtrics.com/ControlPanel/Graphic.php?IM=IM_1Ox9DMolyhnjKke - 4_Q_MAKER_CARE,"{""ImportId"":""4_QID173_1""}",71,71
4_Q_MAKER_ATT_EXPLAIN,"https://mit.co1.qualtrics.com/ControlPanel/Graphic.php?IM=IM_1Ox9DMolyhnjKke - Please describe what about the image (in as much detail as possible) informs your responses to the questions above, and why.","{""ImportId"":""4_QID232_TEXT""}","Venenatis maecenas quis. Commodo! Consequat, cras vel elit, dolorem proin massa.",Imperdiet felis dolor justo elementum arcu. Blandit vehicula suspendisse arcu.
4_Q_INSTRUMENT_ID,https://mit.co1.qualtrics.com/ControlPanel/Graphic.php?IM=IM_1Ox9DMolyhnjKke - What tool do you think was mostly likely used to create this image?,"{""ImportId"":""4_QID177""}","viz_basic,programming","design_basic,design_advanced,viz_advanced,viz_basic"
4_Q_INSTRUMENT_CONF_65,Please rate your confidence in this choice. - https://mit.co1.qualtrics.com/ControlPanel/Graphic.php?IM=IM_1Ox9DMolyhnjKke - Please rate your confidence in this choice.,"{""ImportId"":""4_QID178_65""}",11,2
4_Q_INSTRUMENT_DETAIL,https://mit.co1.qualtrics.com/ControlPanel/Graphic.php?IM=IM_1Ox9DMolyhnjKke - Please specify what specific tool(s)/libraries were most likely used to create this image.,"{""ImportId"":""4_QID179_TEXT""}",Iaculis. Laoreet gravida pharetra consectetuer bibendum pretium cursus! Magna tortor aliquet scelerisque laoreet! Porttitor.,Ultricies magna imperdiet eu maecenas eu consequat elit eu malesuada.
4_Q_CHART_INFORM_1,Do you think this image is intended: - https://mit.co1.qualtrics.com/ControlPanel/Graphic.php?IM=IM_1Ox9DMolyhnjKke - Do you think this image is intended:,"{""ImportId"":""4_QID181_1""}",36,75
4_Q_CHART_LIKE_1,How much do you LIKE this image? - https://mit.co1.qualtrics.com/ControlPanel/Graphic.php?IM=IM_1Ox9DMolyhnjKke - How much do you LIKE this image?,"{""ImportId"":""4_QID188_1""}",15,91
4_Q_CHART_EFFECTIVE_1,How EFFECTIVE is this image? - https://mit.co1.qualtrics.com/ControlPanel/Graphic.php?IM=IM_1Ox9DMolyhnjKke - How EFFECTIVE is this image?,"{""ImportId"":""4_QID191_1""}",54,26
4_Q_CHART_TRUST_1,How much do you TRUST this image? - https://mit.co1.qualtrics.com/ControlPanel/Graphic.php?IM=IM_1Ox9DMolyhnjKke - How much do you TRUST this image?,"{""ImportId"":""4_QID189_1""}",9,21
4_Q_CHART_AESTHETIC_1,How AESTHETICALLY PLEASING is this image? - https://mit.co1.qualtrics.com/ControlPanel/Graphic.php?IM=IM_1Ox9DMolyhnjKke - How AESTHETICALLY PLEASING is this image?,"{""ImportId"":""4_QID190_1""}",68,7
4_Q_CONCLUSION_EXPLAIN,"https://mit.co1.qualtrics.com/ControlPanel/Graphic.php?IM=IM_1Ox9DMolyhnjKke - Please describe what you think about this image in as much detail as possible. It is helpful if you describe what about the image informs your response to the questions above, and why.","{""ImportId"":""4_QID187_TEXT""}","Vestibulum arcu eleifend dolor faucibus, auctor vestibulum faucibus aliquam consequat pharetra.",Malesuada elit curabitur turpis volutpat purus ac sem risus. Odio praesent.
5_loop-number,https://mit.co1.qualtrics.com/ControlPanel/Graphic.php?IM=IM_um3pkZAzQRnBcvb - 5_loop-number,"{""ImportId"":""5_QID241_TEXT""}",6,2
5_Q_ENCOUNTER,"https://mit.co1.qualtrics.com/ControlPanel/Graphic.php?IM=IM_um3pkZAzQRnBcvb - As you're scrolling through your feed, you see this image.  What would you do?","{""ImportId"":""5_QID131""}",engage,engage
5_comment,"After you pause and look at the image, which of the following would you do next? - https://mit.co1.qualtrics.com/ControlPanel/Graphic.php?IM=IM_um3pkZAzQRnBcvb - post a comment","{""ImportId"":""5_QID149_10""}",YES,NO
5_share,"After you pause and look at the image, which of the following would you do next? - https://mit.co1.qualtrics.com/ControlPanel/Graphic.php?IM=IM_um3pkZAzQRnBcvb - share / repost","{""ImportId"":""5_QID149_11""}",YES,NO
5_share_comment,"After you pause and look at the image, which of the following would you do next? - https://mit.co1.qualtrics.com/ControlPanel/Graphic.php?IM=IM_um3pkZAzQRnBcvb - share / repost WITH comment","{""ImportId"":""5_QID149_3""}",YES,NO
5_research,"After you pause and look at the image, which of the following would you do next? - https://mit.co1.qualtrics.com/ControlPanel/Graphic.php?IM=IM_um3pkZAzQRnBcvb - look up more information about the topic or source","{""ImportId"":""5_QID149_9""}",NO,YES
5_unfollow,"After you pause and look at the image, which of the following would you do next? - https://mit.co1.qualtrics.com/ControlPanel/Graphic.php?IM=IM_um3pkZAzQRnBcvb - unfollow / block the source","{""ImportId"":""5_QID149_4""}",NO,YES
5_NOTHING,"After you pause and look at the image, which of the following would you do next? - https://mit.co1.qualtrics.com/ControlPanel/Graphic.php?IM=IM_um3pkZAzQRnBcvb - NOTHING — just keep scrolling","{""ImportId"":""5_QID149_7""}",NO,NO
5_Q_BEHAVIOR_EXPLAIN,https://mit.co1.qualtrics.com/ControlPanel/Graphic.php?IM=IM_um3pkZAzQRnBcvb - What about the image makes you want to take that action?,"{""ImportId"":""5_QID153_TEXT""}",Nunc suspendisse tellus posuere morbi ante enim. Wisi vitae vulputate potenti metus.,Sagittis. Montes. Porta? Atque ab arcu eget vitae fringilla? Volutpat.
5_Q_MAKER_ID,https://mit.co1.qualtrics.com/ControlPanel/Graphic.php?IM=IM_um3pkZAzQRnBcvb - Who do you think is most likely responsible for having this image created?,"{""ImportId"":""5_QID154""}",local-news,non-profit
5_Q_MAKER_ID_CONF_65,Please rate your confidence in this choice. - https://mit.co1.qualtrics.com/ControlPanel/Graphic.php?IM=IM_um3pkZAzQRnBcvb - Please rate your confidence in this choice.,"{""ImportId"":""5_QID157_65""}",29,28
5_Q_MAKER_ID_DETAIL,https://mit.co1.qualtrics.com/ControlPanel/Graphic.php?IM=IM_um3pkZAzQRnBcvb - Please describe what organization or individual is likely to have created this image.,"{""ImportId"":""5_QID155_TEXT""}","Felis sit sed eleifend. Sapien, tempor gravida vulputate in lectus sagittis? Cras sit per consectetuer.",Platea fusce mattis? Nibh enim magna risus lectus fermentum. Accumsan nibh.
5_Q_MAKER_AGE_1,5_Q_MAKER_AGE - https://mit.co1.qualtrics.com/ControlPanel/Graphic.php?IM=IM_um3pkZAzQRnBcvb - 5_Q_MAKER_AGE,"{""ImportId"":""5_QID162_1""}",11,16
5_Q_MAKER_GENDER_1,5_Q_MAKER_GENDER - https://mit.co1.qualtrics.com/ControlPanel/Graphic.php?IM=IM_um3pkZAzQRnBcvb - 5_Q_MAKER_GENDER,"{""ImportId"":""5_QID164_1""}",84,67
5_Q_MAKER_DESIGN_1,5_Q_MAKER_DESIGN - https://mit.co1.qualtrics.com/ControlPanel/Graphic.php?IM=IM_um3pkZAzQRnBcvb - 5_Q_MAKER_DESIGN,"{""ImportId"":""5_QID165_1""}",78,73
5_Q_MAKER_DATA_1,5_Q_MAKER_DATA - https://mit.co1.qualtrics.com/ControlPanel/Graphic.php?IM=IM_um3pkZAzQRnBcvb - 5_Q_MAKER_DATA,"{""ImportId"":""5_QID166_1""}",94,88
5_Q_MAKER_SPECTRUM_1,5_Q_MAKER_SPECTRUM - https://mit.co1.qualtrics.com/ControlPanel/Graphic.php?IM=IM_um3pkZAzQRnBcvb - 5_Q_MAKER_SPECTRUM,"{""ImportId"":""5_QID159_1""}",67,75
5_Q_MAKER_EXPERT_1,5_Q_MAKER_EXPERT - https://mit.co1.qualtrics.com/ControlPanel/Graphic.php?IM=IM_um3pkZAzQRnBcvb - 5_Q_MAKER_EXPERT,"{""ImportId"":""5_QID167_1""}",33,69
5_Q_MAKER_CHAR_EXPLAIN,"https://mit.co1.qualtrics.com/ControlPanel/Graphic.php?IM=IM_um3pkZAzQRnBcvb - Please describe what about the image (in as much detail as possible) informs your responses to the questions above, and why.","{""ImportId"":""5_QID231_TEXT""}",Faucibus per malesuada. Nunc eleifend suscipit vel nibh venenatis tincidunt vestibulum eu justo.,"Nibh a cras aliquam! Sit, sem suspendisse augue lacus est."
5_Q_MAKER_BIAS_1,5_Q_MAKER_BIAS - https://mit.co1.qualtrics.com/ControlPanel/Graphic.php?IM=IM_um3pkZAzQRnBcvb - 5_Q_MAKER_BIAS,"{""ImportId"":""5_QID168_1""}",87,63
5_Q_MAKER_ALIGNMENT_1,5_Q_MAKER_ALIGNMENT - https://mit.co1.qualtrics.com/ControlPanel/Graphic.php?IM=IM_um3pkZAzQRnBcvb - 5_Q_MAKER_ALIGNMENT,"{""ImportId"":""5_QID169_1""}",22,50
5_Q_MAKER_COMPETENCE_1,5_Q_MAKER_COMPETENCE - https://mit.co1.qualtrics.com/ControlPanel/Graphic.php?IM=IM_um3pkZAzQRnBcvb - 5_Q_MAKER_COMPETENCE,"{""ImportId"":""5_QID170_1""}",35,93
5_Q_MAKER_TRUST_1,5_Q_MAKER_TRUST - https://mit.co1.qualtrics.com/ControlPanel/Graphic.php?IM=IM_um3pkZAzQRnBcvb - 5_Q_MAKER_TRUST,"{""ImportId"":""5_QID171_1""}",56,46
5_Q_MAKER_POLITE_1,5_Q_MAKER_POLITE - https://mit.co1.qualtrics.com/ControlPanel/Graphic.php?IM=IM_um3pkZAzQRnBcvb - 5_Q_MAKER_POLITE,"{""ImportId"":""5_QID172_1""}",6,29
5_Q_MAKER_CARE_1,5_Q_MAKER_CARE - https://mit.co1.qualtrics.com/ControlPanel/Graphic.php?IM=IM_um3pkZAzQRnBcvb - 5_Q_MAKER_CARE,"{""ImportId"":""5_QID173_1""}",79,66
5_Q_MAKER_ATT_EXPLAIN,"https://mit.co1.qualtrics.com/ControlPanel/Graphic.php?IM=IM_um3pkZAzQRnBcvb - Please describe what about the image (in as much detail as possible) informs your responses to the questions above, and why.","{""ImportId"":""5_QID232_TEXT""}",Rutrum porttitor lacus id. Primis mauris tincidunt? Integer dolorem quam.,Vivamus accumsan molestie arcu vehicula viverra praesent donec per massa leo duis! Dictumst nec.
5_Q_INSTRUMENT_ID,https://mit.co1.qualtrics.com/ControlPanel/Graphic.php?IM=IM_um3pkZAzQRnBcvb - What tool do you think was mostly likely used to create this image?,"{""ImportId"":""5_QID177""}","design_basic,design_advanced,viz_advanced,programming","viz_advanced,programming"
5_Q_INSTRUMENT_CONF_65,Please rate your confidence in this choice. - https://mit.co1.qualtrics.com/ControlPanel/Graphic.php?IM=IM_um3pkZAzQRnBcvb - Please rate your confidence in this choice.,"{""ImportId"":""5_QID178_65""}",82,22
5_Q_INSTRUMENT_DETAIL,https://mit.co1.qualtrics.com/ControlPanel/Graphic.php?IM=IM_um3pkZAzQRnBcvb - Please specify what specific tool(s)/libraries were most likely used to create this image.,"{""ImportId"":""5_QID179_TEXT""}","Dolorem elit dolorem cursus a dolorem porttitor. Leo nunc pretium leo! Duis, pretium posuere.",Rhoncus montes justo magna maecenas laoreet integer aliquet malesuada quis tellus? Pellentesque.
5_Q_CHART_INFORM_1,Do you think this image is intended: - https://mit.co1.qualtrics.com/ControlPanel/Graphic.php?IM=IM_um3pkZAzQRnBcvb - Do you think this image is intended:,"{""ImportId"":""5_QID181_1""}",58,54
5_Q_CHART_LIKE_1,How much do you LIKE this image? - https://mit.co1.qualtrics.com/ControlPanel/Graphic.php?IM=IM_um3pkZAzQRnBcvb - How much do you LIKE this image?,"{""ImportId"":""5_QID188_1""}",10,12
5_Q_CHART_EFFECTIVE_1,How EFFECTIVE is this image? - https://mit.co1.qualtrics.com/ControlPanel/Graphic.php?IM=IM_um3pkZAzQRnBcvb - How EFFECTIVE is this image?,"{""ImportId"":""5_QID191_1""}",96,33
5_Q_CHART_TRUST_1,How much do you TRUST this image? - https://mit.co1.qualtrics.com/ControlPanel/Graphic.php?IM=IM_um3pkZAzQRnBcvb - How much do you TRUST this image?,"{""ImportId"":""5_QID189_1""}",100,24
5_Q_CHART_AESTHETIC_1,How AESTHETICALLY PLEASING is this image? - https://mit.co1.qualtrics.com/ControlPanel/Graphic.php?IM=IM_um3pkZAzQRnBcvb - How AESTHETICALLY PLEASING is this image?,"{""ImportId"":""5_QID190_1""}",89,76
5_Q_CONCLUSION_EXPLAIN,"https://mit.co1.qualtrics.com/ControlPanel/Graphic.php?IM=IM_um3pkZAzQRnBcvb - Please describe what you think about this image in as much detail as possible. It is helpful if you describe what about the image informs your response to the questions above, and why.","{""ImportId"":""5_QID187_TEXT""}",Massa sit. A blandit primis elit et interdum duis a ut magnis pellentesque.,"Elementum augue platea facilisi in natoque curabitur! Cursus, posuere sem nunc aliquam id tempus phasellus."
6_loop-number,https://mit.co1.qualtrics.com/ControlPanel/Graphic.php?IM=IM_J9UNsFMTMCt2a9m - 6_loop-number,"{""ImportId"":""6_QID241_TEXT""}",4,1
6_Q_ENCOUNTER,"https://mit.co1.qualtrics.com/ControlPanel/Graphic.php?IM=IM_J9UNsFMTMCt2a9m - As you're scrolling through your feed, you see this image.  What would you do?","{""ImportId"":""6_QID131""}",scroll,scroll
6_comment,"After you pause and look at the image, which of the following would you do next? - https://mit.co1.qualtrics.com/ControlPanel/Graphic.php?IM=IM_J9UNsFMTMCt2a9m - post a comment","{""ImportId"":""6_QID149_10""}",,
6_share,"After you pause and look at the image, which of the following would you do next? - https://mit.co1.qualtrics.com/ControlPanel/Graphic.php?IM=IM_J9UNsFMTMCt2a9m - share / repost","{""ImportId"":""6_QID149_11""}",,
6_share_comment,"After you pause and look at the image, which of the following would you do next? - https://mit.co1.qualtrics.com/ControlPanel/Graphic.php?IM=IM_J9UNsFMTMCt2a9m - share / repost WITH comment","{""ImportId"":""6_QID149_3""}",,
6_research,"After you pause and look at the image, which of the following would you do next? - https://mit.co1.qualtrics.com/ControlPanel/Graphic.php?IM=IM_J9UNsFMTMCt2a9m - look up more information about the topic or source","{""ImportId"":""6_QID149_9""}",,
6_unfollow,"After you pause and look at the image, which of the following would you do next? - https://mit.co1.qualtrics.com/ControlPanel/Graphic.php?IM=IM_J9UNsFMTMCt2a9m - unfollow / block the source","{""ImportId"":""6_QID149_4""}",,
6_NOTHING,"After you pause and look at the image, which of the following would you do next? - https://mit.co1.qualtrics.com/ControlPanel/Graphic.php?IM=IM_J9UNsFMTMCt2a9m - NOTHING — just keep scrolling","{""ImportId"":""6_QID149_7""}",,
6_Q_BEHAVIOR_EXPLAIN,https://mit.co1.qualtrics.com/ControlPanel/Graphic.php?IM=IM_J9UNsFMTMCt2a9m - What about the image makes you want to take that action?,"{""ImportId"":""6_QID153_TEXT""}",,
6_Q_MAKER_ID,https://mit.co1.qualtrics.com/ControlPanel/Graphic.php?IM=IM_J9UNsFMTMCt2a9m - Who do you think is most likely responsible for having this image created?,"{""ImportId"":""6_QID154""}",academic,local-news
6_Q_MAKER_ID_CONF_65,Please rate your confidence in this choice. - https://mit.co1.qualtrics.com/ControlPanel/Graphic.php?IM=IM_J9UNsFMTMCt2a9m - Please rate your confidence in this choice.,"{""ImportId"":""6_QID157_65""}",91,71
6_Q_MAKER_ID_DETAIL,https://mit.co1.qualtrics.com/ControlPanel/Graphic.php?IM=IM_J9UNsFMTMCt2a9m - Please describe what organization or individual is likely to have created this image.,"{""ImportId"":""6_QID155_TEXT""}",Malesuada consequat metus. Phasellus ligula imperdiet faucibus rutrum! Ab nibh accumsan metus odio duis eget.,Praesent porttitor. Laoreet est culpa nec. Cras aenean ultrices? Nulla ligula suspendisse? Ante eget neque.
6_Q_MAKER_AGE_1,6_Q_MAKER_AGE - https://mit.co1.qualtrics.com/ControlPanel/Graphic.php?IM=IM_J9UNsFMTMCt2a9m - 6_Q_MAKER_AGE,"{""ImportId"":""6_QID162_1""}",64,61
6_Q_MAKER_GENDER_1,6_Q_MAKER_GENDER - https://mit.co1.qualtrics.com/ControlPanel/Graphic.php?IM=IM_J9UNsFMTMCt2a9m - 6_Q_MAKER_GENDER,"{""ImportId"":""6_QID164_1""}",29,35
6_Q_MAKER_DESIGN_1,6_Q_MAKER_DESIGN - https://mit.co1.qualtrics.com/ControlPanel/Graphic.php?IM=IM_J9UNsFMTMCt2a9m - 6_Q_MAKER_DESIGN,"{""ImportId"":""6_QID165_1""}",75,45
6_Q_MAKER_DATA_1,6_Q_MAKER_DATA - https://mit.co1.qualtrics.com/ControlPanel/Graphic.php?IM=IM_J9UNsFMTMCt2a9m - 6_Q_MAKER_DATA,"{""ImportId"":""6_QID166_1""}",40,21
6_Q_MAKER_SPECTRUM_1,6_Q_MAKER_SPECTRUM - https://mit.co1.qualtrics.com/ControlPanel/Graphic.php?IM=IM_J9UNsFMTMCt2a9m - 6_Q_MAKER_SPECTRUM,"{""ImportId"":""6_QID159_1""}",49,18
6_Q_MAKER_EXPERT_1,6_Q_MAKER_EXPERT - https://mit.co1.qualtrics.com/ControlPanel/Graphic.php?IM=IM_J9UNsFMTMCt2a9m - 6_Q_MAKER_EXPERT,"{""ImportId"":""6_QID167_1""}",79,2
6_Q_MAKER_CHAR_EXPLAIN,"https://mit.co1.qualtrics.com/ControlPanel/Graphic.php?IM=IM_J9UNsFMTMCt2a9m - Please describe what about the image (in as much detail as possible) informs your responses to the questions above, and why.","{""ImportId"":""6_QID231_TEXT""}","Leo consequat! Pretium lacus praesent nunc, turpis tempor porttitor a sem.","Culpa augue morbi vehicula accusamus atque eleifend! Ligula viverra, nunc vitae at atque. Porttitor."
6_Q_MAKER_BIAS_1,6_Q_MAKER_BIAS - https://mit.co1.qualtrics.com/ControlPanel/Graphic.php?IM=IM_J9UNsFMTMCt2a9m - 6_Q_MAKER_BIAS,"{""ImportId"":""6_QID168_1""}",47,94
6_Q_MAKER_ALIGNMENT_1,6_Q_MAKER_ALIGNMENT - https://mit.co1.qualtrics.com/ControlPanel/Graphic.php?IM=IM_J9UNsFMTMCt2a9m - 6_Q_MAKER_ALIGNMENT,"{""ImportId"":""6_QID169_1""}",92,64
6_Q_MAKER_COMPETENCE_1,6_Q_MAKER_COMPETENCE - https://mit.co1.qualtrics.com/ControlPanel/Graphic.php?IM=IM_J9UNsFMTMCt2a9m - 6_Q_MAKER_COMPETENCE,"{""ImportId"":""6_QID170_1""}",75,25
6_Q_MAKER_TRUST_1,6_Q_MAKER_TRUST - https://mit.co1.qualtrics.com/ControlPanel/Graphic.php?IM=IM_J9UNsFMTMCt2a9m - 6_Q_MAKER_TRUST,"{""ImportId"":""6_QID171_1""}",69,95
6_Q_MAKER_POLITE_1,6_Q_MAKER_POLITE - https://mit.co1.qualtrics.com/ControlPanel/Graphic.php?IM=IM_J9UNsFMTMCt2a9m - 6_Q_MAKER_POLITE,"{""ImportId"":""6_QID172_1""}",2,41
6_Q_MAKER_CARE_1,6_Q_MAKER_CARE - https://mit.co1.qualtrics.com/ControlPanel/Graphic.php?IM=IM_J9UNsFMTMCt2a9m - 6_Q_MAKER_CARE,"{""ImportId"":""6_QID173_1""}",42,94
6_Q_MAKER_ATT_EXPLAIN,"https://mit.co1.qualtrics.com/ControlPanel/Graphic.php?IM=IM_J9UNsFMTMCt2a9m - Please describe what about the image (in as much detail as possible) informs your responses to the questions above, and why.","{""ImportId"":""6_QID232_TEXT""}",Viverra dui fermentum metus tincidunt nulla wisi ullamcorper curabitur erat tempor dignissim. Vivamus.,"Sagittis. Quis nunc amet? Elementum non pharetra, cras tortor leo."
6_Q_INSTRUMENT_ID,https://mit.co1.qualtrics.com/ControlPanel/Graphic.php?IM=IM_J9UNsFMTMCt2a9m - What tool do you think was mostly likely used to create this image?,"{""ImportId"":""6_QID177""}","design_basic,design_advanced,viz_advanced,viz_basic",design_advanced
6_Q_INSTRUMENT_CONF_65,Please rate your confidence in this choice. - https://mit.co1.qualtrics.com/ControlPanel/Graphic.php?IM=IM_J9UNsFMTMCt2a9m - Please rate your confidence in this choice.,"{""ImportId"":""6_QID178_65""}",51,27
6_Q_INSTRUMENT_DETAIL,https://mit.co1.qualtrics.com/ControlPanel/Graphic.php?IM=IM_J9UNsFMTMCt2a9m - Please specify what specific tool(s)/libraries were most likely used to create this image.,"{""ImportId"":""6_QID179_TEXT""}",Nonummy tempor blandit. Vel tortor potenti urna id ab. Dui tempor platea.,"Natoque dolorem ut wisi ac suscipit ab, aliquam nonummy dapibus bibendum venenatis."
6_Q_CHART_INFORM_1,Do you think this image is intended: - https://mit.co1.qualtrics.com/ControlPanel/Graphic.php?IM=IM_J9UNsFMTMCt2a9m - Do you think this image is intended:,"{""ImportId"":""6_QID181_1""}",39,49
6_Q_CHART_LIKE_1,How much do you LIKE this image? - https://mit.co1.qualtrics.com/ControlPanel/Graphic.php?IM=IM_J9UNsFMTMCt2a9m - How much do you LIKE this image?,"{""ImportId"":""6_QID188_1""}",25,12
6_Q_CHART_EFFECTIVE_1,How EFFECTIVE is this image? - https://mit.co1.qualtrics.com/ControlPanel/Graphic.php?IM=IM_J9UNsFMTMCt2a9m - How EFFECTIVE is this image?,"{""ImportId"":""6_QID191_1""}",62,64
6_Q_CHART_TRUST_1,How much do you TRUST this image? - https://mit.co1.qualtrics.com/ControlPanel/Graphic.php?IM=IM_J9UNsFMTMCt2a9m - How much do you TRUST this image?,"{""ImportId"":""6_QID189_1""}",84,83
6_Q_CHART_AESTHETIC_1,How AESTHETICALLY PLEASING is this image? - https://mit.co1.qualtrics.com/ControlPanel/Graphic.php?IM=IM_J9UNsFMTMCt2a9m - How AESTHETICALLY PLEASING is this image?,"{""ImportId"":""6_QID190_1""}",82,11
6_Q_CONCLUSION_EXPLAIN,"https://mit.co1.qualtrics.com/ControlPanel/Graphic.php?IM=IM_J9UNsFMTMCt2a9m - Please describe what you think about this image in as much detail as possible. It is helpful if you describe what about the image informs your response to the questions above, and why.","{""ImportId"":""6_QID187_TEXT""}","Donec ultricies egestas vivamus nibh magnis felis phasellus risus tincidunt wisi porta, odio erat ullamcorper.",Duis ac sodales ante ullamcorper bibendum turpis diam! Turpis elit. Nec tincidunt proin natoque rhoncus.
7_loop-number,https://mit.co1.qualtrics.com/ControlPanel/Graphic.php?IM=IM_25eiALv4xTHs0RO - 7_loop-number,"{""ImportId"":""7_QID241_TEXT""}",5,9
7_Q_ENCOUNTER,"https://mit.co1.qualtrics.com/ControlPanel/Graphic.php?IM=IM_25eiALv4xTHs0RO - As you're scrolling through your feed, you see this image.  What would you do?","{""ImportId"":""7_QID131""}",engage,engage
7_comment,"After you pause and look at the image, which of the following would you do next? - https://mit.co1.qualtrics.com/ControlPanel/Graphic.php?IM=IM_25eiALv4xTHs0RO - post a comment","{""ImportId"":""7_QID149_10""}",NO,NO
7_share,"After you pause and look at the image, which of the following would you do next? - https://mit.co1.qualtrics.com/ControlPanel/Graphic.php?IM=IM_25eiALv4xTHs0RO - share / repost","{""ImportId"":""7_QID149_11""}",YES,NO
7_share_comment,"After you pause and look at the image, which of the following would you do next? - https://mit.co1.qualtrics.com/ControlPanel/Graphic.php?IM=IM_25eiALv4xTHs0RO - share / repost WITH comment","{""ImportId"":""7_QID149_3""}",NO,NO
7_research,"After you pause and look at the image, which of the following would you do next? - https://mit.co1.qualtrics.com/ControlPanel/Graphic.php?IM=IM_25eiALv4xTHs0RO - look up more information about the topic or source","{""ImportId"":""7_QID149_9""}",NO,YES
7_unfollow,"After you pause and look at the image, which of the following would you do next? - https://mit.co1.qualtrics.com/ControlPanel/Graphic.php?IM=IM_25eiALv4xTHs0RO - unfollow / block the source","{""ImportId"":""7_QID149_4""}",NO,YES
7_NOTHING,"After you pause and look at the image, which of the following would you do next? - https://mit.co1.qualtrics.com/ControlPanel/Graphic.php?IM=IM_25eiALv4xTHs0RO - NOTHING — just keep scrolling","{""ImportId"":""7_QID149_7""}",NO,YES
7_Q_BEHAVIOR_EXPLAIN,https://mit.co1.qualtrics.com/ControlPanel/Graphic.php?IM=IM_25eiALv4xTHs0RO - What about the image makes you want to take that action?,"{""ImportId"":""7_QID153_TEXT""}",Nibh mauris. Tempor fusce tempor. Faucibus suspendisse phasellus praesent sed justo erat primis lacus.,Natoque mi praesent sodales vulputate. Fringilla? Est integer lorem laoreet primis.
7_Q_MAKER_ID,https://mit.co1.qualtrics.com/ControlPanel/Graphic.php?IM=IM_25eiALv4xTHs0RO - Who do you think is most likely responsible for having this image created?,"{""ImportId"":""7_QID154""}",local-news,business
7_Q_MAKER_ID_CONF_65,Please rate your confidence in this choice. - https://mit.co1.qualtrics.com/ControlPanel/Graphic.php?IM=IM_25eiALv4xTHs0RO - Please rate your confidence in this choice.,"{""ImportId"":""7_QID157_65""}",86,14
7_Q_MAKER_ID_DETAIL,https://mit.co1.qualtrics.com/ControlPanel/Graphic.php?IM=IM_25eiALv4xTHs0RO - Please describe what organization or individual is likely to have created this image.,"{""ImportId"":""7_QID155_TEXT""}",Tempus sapien eleifend pharetra ultrices vestibulum leo per consequat ultricies suscipit mi viverra.,Maecenas montes ipsum integer mauris neque? Platea felis luctus felis tempor bibendum.
7_Q_MAKER_AGE_1,7_Q_MAKER_AGE - https://mit.co1.qualtrics.com/ControlPanel/Graphic.php?IM=IM_25eiALv4xTHs0RO - 7_Q_MAKER_AGE,"{""ImportId"":""7_QID162_1""}",95,54
7_Q_MAKER_GENDER_1,7_Q_MAKER_GENDER - https://mit.co1.qualtrics.com/ControlPanel/Graphic.php?IM=IM_25eiALv4xTHs0RO - 7_Q_MAKER_GENDER,"{""ImportId"":""7_QID164_1""}",16,67
7_Q_MAKER_DESIGN_1,7_Q_MAKER_DESIGN - https://mit.co1.qualtrics.com/ControlPanel/Graphic.php?IM=IM_25eiALv4xTHs0RO - 7_Q_MAKER_DESIGN,"{""ImportId"":""7_QID165_1""}",52,44
7_Q_MAKER_DATA_1,7_Q_MAKER_DATA - https://mit.co1.qualtrics.com/ControlPanel/Graphic.php?IM=IM_25eiALv4xTHs0RO - 7_Q_MAKER_DATA,"{""ImportId"":""7_QID166_1""}",74,15
7_Q_MAKER_SPECTRUM_1,7_Q_MAKER_SPECTRUM - https://mit.co1.qualtrics.com/ControlPanel/Graphic.php?IM=IM_25eiALv4xTHs0RO - 7_Q_MAKER_SPECTRUM,"{""ImportId"":""7_QID159_1""}",93,28
7_Q_MAKER_EXPERT_1,7_Q_MAKER_EXPERT - https://mit.co1.qualtrics.com/ControlPanel/Graphic.php?IM=IM_25eiALv4xTHs0RO - 7_Q_MAKER_EXPERT,"{""ImportId"":""7_QID167_1""}",60,9
7_Q_MAKER_CHAR_EXPLAIN,"https://mit.co1.qualtrics.com/ControlPanel/Graphic.php?IM=IM_25eiALv4xTHs0RO - Please describe what about the image (in as much detail as possible) informs your responses to the questions above, and why.","{""ImportId"":""7_QID231_TEXT""}",Donec mauris iaculis. Ante sem interdum amet pretium purus orci suspendisse.,Phasellus. Ligula proin vestibulum in lorem justo magnis placerat placerat accusamus.
7_Q_MAKER_BIAS_1,7_Q_MAKER_BIAS - https://mit.co1.qualtrics.com/ControlPanel/Graphic.php?IM=IM_25eiALv4xTHs0RO - 7_Q_MAKER_BIAS,"{""ImportId"":""7_QID168_1""}",0,87
7_Q_MAKER_ALIGNMENT_1,7_Q_MAKER_ALIGNMENT - https://mit.co1.qualtrics.com/ControlPanel/Graphic.php?IM=IM_25eiALv4xTHs0RO - 7_Q_MAKER_ALIGNMENT,"{""ImportId"":""7_QID169_1""}",46,53
7_Q_MAKER_COMPETENCE_1,7_Q_MAKER_COMPETENCE - https://mit.co1.qualtrics.com/ControlPanel/Graphic.php?IM=IM_25eiALv4xTHs0RO - 7_Q_MAKER_COMPETENCE,"{""ImportId"":""7_QID170_1""}",48,5
7_Q_MAKER_TRUST_1,7_Q_MAKER_TRUST - https://mit.co1.qualtrics.com/ControlPanel/Graphic.php?IM=IM_25eiALv4xTHs0RO - 7_Q_MAKER_TRUST,"{""ImportId"":""7_QID171_1""}",75,95
7_Q_MAKER_POLITE_1,7_Q_MAKER_POLITE - https://mit.co1.qualtrics.com/ControlPanel/Graphic.php?IM=IM_25eiALv4xTHs0RO - 7_Q_MAKER_POLITE,"{""ImportId"":""7_QID172_1""}",32,62
7_Q_MAKER_CARE_1,7_Q_MAKER_CARE - https://mit.co1.qualtrics.com/ControlPanel/Graphic.php?IM=IM_25eiALv4xTHs0RO - 7_Q_MAKER_CARE,"{""ImportId"":""7_QID173_1""}",41,54
7_Q_MAKER_ATT_EXPLAIN,"https://mit.co1.qualtrics.com/ControlPanel/Graphic.php?IM=IM_25eiALv4xTHs0RO - Please describe what about the image (in as much detail as possible) informs your responses to the questions above, and why.","{""ImportId"":""7_QID232_TEXT""}",Vestibulum venenatis mauris duis? Scelerisque dui? Venenatis magnis a amet.,"Porta gravida massa rhoncus! Laoreet metus dignissim porttitor, vehicula tempor! Sollicitudin bibendum facilisi tortor."
7_Q_INSTRUMENT_ID,https://mit.co1.qualtrics.com/ControlPanel/Graphic.php?IM=IM_25eiALv4xTHs0RO - What tool do you think was mostly likely used to create this image?,"{""ImportId"":""7_QID177""}",design_advanced,"design_advanced,viz_basic"
7_Q_INSTRUMENT_CONF_65,Please rate your confidence in this choice. - https://mit.co1.qualtrics.com/ControlPanel/Graphic.php?IM=IM_25eiALv4xTHs0RO - Please rate your confidence in this choice.,"{""ImportId"":""7_QID178_65""}",14,12
7_Q_INSTRUMENT_DETAIL,https://mit.co1.qualtrics.com/ControlPanel/Graphic.php?IM=IM_25eiALv4xTHs0RO - Please specify what specific tool(s)/libraries were most likely used to create this image.,"{""ImportId"":""7_QID179_TEXT""}",Ipsum malesuada sit montes natoque sapien dapibus at? Montes sodales? Odio. Pharetra.,Eu commodo faucibus. Pede curabitur maecenas vel. Et rutrum sapien.
7_Q_CHART_INFORM_1,Do you think this image is intended: - https://mit.co1.qualtrics.com/ControlPanel/Graphic.php?IM=IM_25eiALv4xTHs0RO - Do you think this image is intended:,"{""ImportId"":""7_QID181_1""}",6,100
7_Q_CHART_LIKE_1,How much do you LIKE this image? - https://mit.co1.qualtrics.com/ControlPanel/Graphic.php?IM=IM_25eiALv4xTHs0RO - How much do you LIKE this image?,"{""ImportId"":""7_QID188_1""}",13,85
7_Q_CHART_EFFECTIVE_1,How EFFECTIVE is this image? - https://mit.co1.qualtrics.com/ControlPanel/Graphic.php?IM=IM_25eiALv4xTHs0RO - How EFFECTIVE is this image?,"{""ImportId"":""7_QID191_1""}",66,83
7_Q_CHART_TRUST_1,How much do you TRUST this image? - https://mit.co1.qualtrics.com/ControlPanel/Graphic.php?IM=IM_25eiALv4xTHs0RO - How much do you TRUST this image?,"{""ImportId"":""7_QID189_1""}",32,14
7_Q_CHART_AESTHETIC_1,How AESTHETICALLY PLEASING is this image? - https://mit.co1.qualtrics.com/ControlPanel/Graphic.php?IM=IM_25eiALv4xTHs0RO - How AESTHETICALLY PLEASING is this image?,"{""ImportId"":""7_QID190_1""}",25,94
7_Q_CONCLUSION_EXPLAIN,"https://mit.co1.qualtrics.com/ControlPanel/Graphic.php?IM=IM_25eiALv4xTHs0RO - Please describe what you think about this image in as much detail as possible. It is helpful if you describe what about the image informs your response to the questions above, and why.","{""ImportId"":""7_QID187_TEXT""}",Ipsum porttitor id tincidunt facilisi. Ac vulputate porttitor tortor leo.,Dignissim tempora blandit ac? Montes duis ultricies fusce tincidunt faucibus.
8_loop-number,https://mit.co1.qualtrics.com/ControlPanel/Graphic.php?IM=IM_HUhgViQw35vPPmT - 8_loop-number,"{""ImportId"":""8_QID241_TEXT""}",1,2
8_Q_ENCOUNTER,"https://mit.co1.qualtrics.com/ControlPanel/Graphic.php?IM=IM_HUhgViQw35vPPmT - As you're scrolling through your feed, you see this image.  What would you do?","{""ImportId"":""8_QID131""}",engage,scroll
8_comment,"After you pause and look at the image, which of the following would you do next? - https://mit.co1.qualtrics.com/ControlPanel/Graphic.php?IM=IM_HUhgViQw35vPPmT - post a comment","{""ImportId"":""8_QID149_10""}",NO,
8_share,"After you pause and look at the image, which of the following would you do next? - https://mit.co1.qualtrics.com/ControlPanel/Graphic.php?IM=IM_HUhgViQw35vPPmT - share / repost","{""ImportId"":""8_QID149_11""}",NO,
8_share_comment,"After you pause and look at the image, which of the following would you do next? - https://mit.co1.qualtrics.com/ControlPanel/Graphic.php?IM=IM_HUhgViQw35vPPmT - share / repost WITH comment","{""ImportId"":""8_QID149_3""}",NO,
8_research,"After you pause and look at the image, which of the following would you do next? - https://mit.co1.qualtrics.com/ControlPanel/Graphic.php?IM=IM_HUhgViQw35vPPmT - look up more information about the topic or source","{""ImportId"":""8_QID149_9""}",YES,
8_unfollow,"After you pause and look at the image, which of the following would you do next? - https://mit.co1.qualtrics.com/ControlPanel/Graphic.php?IM=IM_HUhgViQw35vPPmT - unfollow / block the source","{""ImportId"":""8_QID149_4""}",NO,
8_NOTHING,"After you pause and look at the image, which of the following would you do next? - https://mit.co1.qualtrics.com/ControlPanel/Graphic.php?IM=IM_HUhgViQw35vPPmT - NOTHING — just keep scrolling","{""ImportId"":""8_QID149_7""}",NO,
8_Q_BEHAVIOR_EXPLAIN,https://mit.co1.qualtrics.com/ControlPanel/Graphic.php?IM=IM_HUhgViQw35vPPmT - What about the image makes you want to take that action?,"{""ImportId"":""8_QID153_TEXT""}","Pharetra sem facilisi? Fringilla vehicula, tincidunt dolorem suspendisse! Arcu. Dolor fringilla duis.",
8_Q_MAKER_ID,https://mit.co1.qualtrics.com/ControlPanel/Graphic.php?IM=IM_HUhgViQw35vPPmT - Who do you think is most likely responsible for having this image created?,"{""ImportId"":""8_QID154""}",local-news,non-profit
8_Q_MAKER_ID_CONF_65,Please rate your confidence in this choice. - https://mit.co1.qualtrics.com/ControlPanel/Graphic.php?IM=IM_HUhgViQw35vPPmT - Please rate your confidence in this choice.,"{""ImportId"":""8_QID157_65""}",47,68
8_Q_MAKER_ID_DETAIL,https://mit.co1.qualtrics.com/ControlPanel/Graphic.php?IM=IM_HUhgViQw35vPPmT - Please describe what organization or individual is likely to have created this image.,"{""ImportId"":""8_QID155_TEXT""}",Magna eleifend nonummy orci nibh wisi blandit wisi justo pellentesque dignissim vestibulum. Laoreet.,Nec. Venenatis facilisis phasellus. Erat. Arcu quam laoreet accusamus nonummy.
8_Q_MAKER_AGE_1,8_Q_MAKER_AGE - https://mit.co1.qualtrics.com/ControlPanel/Graphic.php?IM=IM_HUhgViQw35vPPmT - 8_Q_MAKER_AGE,"{""ImportId"":""8_QID162_1""}",60,71
8_Q_MAKER_GENDER_1,8_Q_MAKER_GENDER - https://mit.co1.qualtrics.com/ControlPanel/Graphic.php?IM=IM_HUhgViQw35vPPmT - 8_Q_MAKER_GENDER,"{""ImportId"":""8_QID164_1""}",52,60
8_Q_MAKER_DESIGN_1,8_Q_MAKER_DESIGN - https://mit.co1.qualtrics.com/ControlPanel/Graphic.php?IM=IM_HUhgViQw35vPPmT - 8_Q_MAKER_DESIGN,"{""ImportId"":""8_QID165_1""}",90,40
8_Q_MAKER_DATA_1,8_Q_MAKER_DATA - https://mit.co1.qualtrics.com/ControlPanel/Graphic.php?IM=IM_HUhgViQw35vPPmT - 8_Q_MAKER_DATA,"{""ImportId"":""8_QID166_1""}",17,46
8_Q_MAKER_SPECTRUM_1,8_Q_MAKER_SPECTRUM - https://mit.co1.qualtrics.com/ControlPanel/Graphic.php?IM=IM_HUhgViQw35vPPmT - 8_Q_MAKER_SPECTRUM,"{""ImportId"":""8_QID159_1""}",43,79
8_Q_MAKER_EXPERT_1,8_Q_MAKER_EXPERT - https://mit.co1.qualtrics.com/ControlPanel/Graphic.php?IM=IM_HUhgViQw35vPPmT - 8_Q_MAKER_EXPERT,"{""ImportId"":""8_QID167_1""}",1,24
8_Q_MAKER_CHAR_EXPLAIN,"https://mit.co1.qualtrics.com/ControlPanel/Graphic.php?IM=IM_HUhgViQw35vPPmT - Please describe what about the image (in as much detail as possible) informs your responses to the questions above, and why.","{""ImportId"":""8_QID231_TEXT""}",Mattis bibendum! Vivamus. Egestas ante nonummy consequat! Mattis laoreet culpa egestas orci et lectus.,Nunc vivamus? Quam ullamcorper malesuada eleifend nec gravida euismod vivamus blandit euismod sem.
8_Q_MAKER_BIAS_1,8_Q_MAKER_BIAS - https://mit.co1.qualtrics.com/ControlPanel/Graphic.php?IM=IM_HUhgViQw35vPPmT - 8_Q_MAKER_BIAS,"{""ImportId"":""8_QID168_1""}",23,24
8_Q_MAKER_ALIGNMENT_1,8_Q_MAKER_ALIGNMENT - https://mit.co1.qualtrics.com/ControlPanel/Graphic.php?IM=IM_HUhgViQw35vPPmT - 8_Q_MAKER_ALIGNMENT,"{""ImportId"":""8_QID169_1""}",94,11
8_Q_MAKER_COMPETENCE_1,8_Q_MAKER_COMPETENCE - https://mit.co1.qualtrics.com/ControlPanel/Graphic.php?IM=IM_HUhgViQw35vPPmT - 8_Q_MAKER_COMPETENCE,"{""ImportId"":""8_QID170_1""}",15,11
8_Q_MAKER_TRUST_1,8_Q_MAKER_TRUST - https://mit.co1.qualtrics.com/ControlPanel/Graphic.php?IM=IM_HUhgViQw35vPPmT - 8_Q_MAKER_TRUST,"{""ImportId"":""8_QID171_1""}",28,24
8_Q_MAKER_POLITE_1,8_Q_MAKER_POLITE - https://mit.co1.qualtrics.com/ControlPanel/Graphic.php?IM=IM_HUhgViQw35vPPmT - 8_Q_MAKER_POLITE,"{""ImportId"":""8_QID172_1""}",81,18
8_Q_MAKER_CARE_1,8_Q_MAKER_CARE - https://mit.co1.qualtrics.com/ControlPanel/Graphic.php?IM=IM_HUhgViQw35vPPmT - 8_Q_MAKER_CARE,"{""ImportId"":""8_QID173_1""}",9,73
8_Q_MAKER_ATT_EXPLAIN,"https://mit.co1.qualtrics.com/ControlPanel/Graphic.php?IM=IM_HUhgViQw35vPPmT - Please describe what about the image (in as much detail as possible) informs your responses to the questions above, and why.","{""ImportId"":""8_QID232_TEXT""}","Quis mattis, dolor praesent commodo lorem at fusce malesuada pretium venenatis. Pharetra duis dolor. Eget.",Ipsum leo integer placerat molestie sem tortor fusce rutrum orci egestas gravida morbi iaculis.
8_Q_INSTRUMENT_ID,https://mit.co1.qualtrics.com/ControlPanel/Graphic.php?IM=IM_HUhgViQw35vPPmT - What tool do you think was mostly likely used to create this image?,"{""ImportId"":""8_QID177""}","design_basic,design_advanced,viz_advanced,viz_basic,programming","design_basic,design_advanced,programming"
8_Q_INSTRUMENT_CONF_65,Please rate your confidence in this choice. - https://mit.co1.qualtrics.com/ControlPanel/Graphic.php?IM=IM_HUhgViQw35vPPmT - Please rate your confidence in this choice.,"{""ImportId"":""8_QID178_65""}",81,0
8_Q_INSTRUMENT_DETAIL,https://mit.co1.qualtrics.com/ControlPanel/Graphic.php?IM=IM_HUhgViQw35vPPmT - Please specify what specific tool(s)/libraries were most likely used to create this image.,"{""ImportId"":""8_QID179_TEXT""}",Mi vestibulum cras proin molestie malesuada luctus culpa dapibus viverra. Egestas tempor.,Cursus phasellus. Facilisis dapibus imperdiet vel. Non aenean non natoque dictumst.
8_Q_CHART_INFORM_1,Do you think this image is intended: - https://mit.co1.qualtrics.com/ControlPanel/Graphic.php?IM=IM_HUhgViQw35vPPmT - Do you think this image is intended:,"{""ImportId"":""8_QID181_1""}",95,64
8_Q_CHART_LIKE_1,How much do you LIKE this image? - https://mit.co1.qualtrics.com/ControlPanel/Graphic.php?IM=IM_HUhgViQw35vPPmT - How much do you LIKE this image?,"{""ImportId"":""8_QID188_1""}",26,75
8_Q_CHART_EFFECTIVE_1,How EFFECTIVE is this image? - https://mit.co1.qualtrics.com/ControlPanel/Graphic.php?IM=IM_HUhgViQw35vPPmT - How EFFECTIVE is this image?,"{""ImportId"":""8_QID191_1""}",59,90
8_Q_CHART_TRUST_1,How much do you TRUST this image? - https://mit.co1.qualtrics.com/ControlPanel/Graphic.php?IM=IM_HUhgViQw35vPPmT - How much do you TRUST this image?,"{""ImportId"":""8_QID189_1""}",39,14
8_Q_CHART_AESTHETIC_1,How AESTHETICALLY PLEASING is this image? - https://mit.co1.qualtrics.com/ControlPanel/Graphic.php?IM=IM_HUhgViQw35vPPmT - How AESTHETICALLY PLEASING is this image?,"{""ImportId"":""8_QID190_1""}",19,38
8_Q_CONCLUSION_EXPLAIN,"https://mit.co1.qualtrics.com/ControlPanel/Graphic.php?IM=IM_HUhgViQw35vPPmT - Please describe what you think about this image in as much detail as possible. It is helpful if you describe what about the image informs your response to the questions above, and why.","{""ImportId"":""8_QID187_TEXT""}",Sollicitudin! Ut ac iaculis etiam atque amet venenatis porttitor commodo velit augue ullamcorper.,Sollicitudin wisi vitae luctus curabitur id consequat dictumst gravida dictumst! Pretium! Risus eget non bibendum.
9_loop-number,https://mit.co1.qualtrics.com/ControlPanel/Graphic.php?IM=IM_JYZ9jAuPAoBM2Wc - 9_loop-number,"{""ImportId"":""9_QID241_TEXT""}",2,7
9_Q_ENCOUNTER,"https://mit.co1.qualtrics.com/ControlPanel/Graphic.php?IM=IM_JYZ9jAuPAoBM2Wc - As you're scrolling through your feed, you see this image.  What would you do?","{""ImportId"":""9_QID131""}",engage,engage
9_comment,"After you pause and look at the image, which of the following would you do next? - https://mit.co1.qualtrics.com/ControlPanel/Graphic.php?IM=IM_JYZ9jAuPAoBM2Wc - post a comment","{""ImportId"":""9_QID149_10""}",YES,YES
9_share,"After you pause and look at the image, which of the following would you do next? - https://mit.co1.qualtrics.com/ControlPanel/Graphic.php?IM=IM_JYZ9jAuPAoBM2Wc - share / repost","{""ImportId"":""9_QID149_11""}",NO,YES
9_share_comment,"After you pause and look at the image, which of the following would you do next? - https://mit.co1.qualtrics.com/ControlPanel/Graphic.php?IM=IM_JYZ9jAuPAoBM2Wc - share / repost WITH comment","{""ImportId"":""9_QID149_3""}",NO,NO
9_research,"After you pause and look at the image, which of the following would you do next? - https://mit.co1.qualtrics.com/ControlPanel/Graphic.php?IM=IM_JYZ9jAuPAoBM2Wc - look up more information about the topic or source","{""ImportId"":""9_QID149_9""}",NO,NO
9_unfollow,"After you pause and look at the image, which of the following would you do next? - https://mit.co1.qualtrics.com/ControlPanel/Graphic.php?IM=IM_JYZ9jAuPAoBM2Wc - unfollow / block the source","{""ImportId"":""9_QID149_4""}",NO,YES
9_NOTHING,"After you pause and look at the image, which of the following would you do next? - https://mit.co1.qualtrics.com/ControlPanel/Graphic.php?IM=IM_JYZ9jAuPAoBM2Wc - NOTHING — just keep scrolling","{""ImportId"":""9_QID149_7""}",NO,NO
9_Q_BEHAVIOR_EXPLAIN,https://mit.co1.qualtrics.com/ControlPanel/Graphic.php?IM=IM_JYZ9jAuPAoBM2Wc - What about the image makes you want to take that action?,"{""ImportId"":""9_QID153_TEXT""}",Venenatis. Pharetra ac non lectus metus curabitur elementum accusamus non? Atque! Fringilla eleifend? Et nulla.,"Elit in lectus id viverra, viverra. Ipsum sit rutrum pharetra eu? Atque."
9_Q_MAKER_ID,https://mit.co1.qualtrics.com/ControlPanel/Graphic.php?IM=IM_JYZ9jAuPAoBM2Wc - Who do you think is most likely responsible for having this image created?,"{""ImportId"":""9_QID154""}",major-news,person
9_Q_MAKER_ID_CONF_65,Please rate your confidence in this choice. - https://mit.co1.qualtrics.com/ControlPanel/Graphic.php?IM=IM_JYZ9jAuPAoBM2Wc - Please rate your confidence in this choice.,"{""ImportId"":""9_QID157_65""}",12,59
9_Q_MAKER_ID_DETAIL,https://mit.co1.qualtrics.com/ControlPanel/Graphic.php?IM=IM_JYZ9jAuPAoBM2Wc - Please describe what organization or individual is likely to have created this image.,"{""ImportId"":""9_QID155_TEXT""}","Dolor temporibus. Donec facilisi sapien iaculis, molestie. Rutrum rutrum! Ipsum non! Nunc. Vitae! Molestie? Eu.",Magnis integer vitae aenean curabitur nibh tempora vitae. Et. Tincidunt! Consectetuer.
9_Q_MAKER_AGE_1,9_Q_MAKER_AGE - https://mit.co1.qualtrics.com/ControlPanel/Graphic.php?IM=IM_JYZ9jAuPAoBM2Wc - 9_Q_MAKER_AGE,"{""ImportId"":""9_QID162_1""}",87,78
9_Q_MAKER_GENDER_1,9_Q_MAKER_GENDER - https://mit.co1.qualtrics.com/ControlPanel/Graphic.php?IM=IM_JYZ9jAuPAoBM2Wc - 9_Q_MAKER_GENDER,"{""ImportId"":""9_QID164_1""}",33,75
9_Q_MAKER_DESIGN_1,9_Q_MAKER_DESIGN - https://mit.co1.qualtrics.com/ControlPanel/Graphic.php?IM=IM_JYZ9jAuPAoBM2Wc - 9_Q_MAKER_DESIGN,"{""ImportId"":""9_QID165_1""}",75,84
9_Q_MAKER_DATA_1,9_Q_MAKER_DATA - https://mit.co1.qualtrics.com/ControlPanel/Graphic.php?IM=IM_JYZ9jAuPAoBM2Wc - 9_Q_MAKER_DATA,"{""ImportId"":""9_QID166_1""}",49,56
9_Q_MAKER_SPECTRUM_1,9_Q_MAKER_SPECTRUM - https://mit.co1.qualtrics.com/ControlPanel/Graphic.php?IM=IM_JYZ9jAuPAoBM2Wc - 9_Q_MAKER_SPECTRUM,"{""ImportId"":""9_QID159_1""}",89,49
9_Q_MAKER_EXPERT_1,9_Q_MAKER_EXPERT - https://mit.co1.qualtrics.com/ControlPanel/Graphic.php?IM=IM_JYZ9jAuPAoBM2Wc - 9_Q_MAKER_EXPERT,"{""ImportId"":""9_QID167_1""}",37,26
9_Q_MAKER_CHAR_EXPLAIN,"https://mit.co1.qualtrics.com/ControlPanel/Graphic.php?IM=IM_JYZ9jAuPAoBM2Wc - Please describe what about the image (in as much detail as possible) informs your responses to the questions above, and why.","{""ImportId"":""9_QID231_TEXT""}","In. Vestibulum arcu. Eget elementum interdum vehicula vulputate. Sem tempus, sapien.",Consequat. Tellus montes per in molestie velit egestas interdum tellus etiam proin mattis.
9_Q_MAKER_BIAS_1,9_Q_MAKER_BIAS - https://mit.co1.qualtrics.com/ControlPanel/Graphic.php?IM=IM_JYZ9jAuPAoBM2Wc - 9_Q_MAKER_BIAS,"{""ImportId"":""9_QID168_1""}",93,18
9_Q_MAKER_ALIGNMENT_1,9_Q_MAKER_ALIGNMENT - https://mit.co1.qualtrics.com/ControlPanel/Graphic.php?IM=IM_JYZ9jAuPAoBM2Wc - 9_Q_MAKER_ALIGNMENT,"{""ImportId"":""9_QID169_1""}",37,19
9_Q_MAKER_COMPETENCE_1,9_Q_MAKER_COMPETENCE - https://mit.co1.qualtrics.com/ControlPanel/Graphic.php?IM=IM_JYZ9jAuPAoBM2Wc - 9_Q_MAKER_COMPETENCE,"{""ImportId"":""9_QID170_1""}",84,71
9_Q_MAKER_TRUST_1,9_Q_MAKER_TRUST - https://mit.co1.qualtrics.com/ControlPanel/Graphic.php?IM=IM_JYZ9jAuPAoBM2Wc - 9_Q_MAKER_TRUST,"{""ImportId"":""9_QID171_1""}",7,17
9_Q_MAKER_POLITE_1,9_Q_MAKER_POLITE - https://mit.co1.qualtrics.com/ControlPanel/Graphic.php?IM=IM_JYZ9jAuPAoBM2Wc - 9_Q_MAKER_POLITE,"{""ImportId"":""9_QID172_1""}",82,84
9_Q_MAKER_CARE_1,9_Q_MAKER_CARE - https://mit.co1.qualtrics.com/ControlPanel/Graphic.php?IM=IM_JYZ9jAuPAoBM2Wc - 9_Q_MAKER_CARE,"{""ImportId"":""9_QID173_1""}",76,54
9_Q_MAKER_ATT_EXPLAIN,"https://mit.co1.qualtrics.com/ControlPanel/Graphic.php?IM=IM_JYZ9jAuPAoBM2Wc - Please describe what about the image (in as much detail as possible) informs your responses to the questions above, and why.","{""ImportId"":""9_QID232_TEXT""}",Ultrices! In lacus luctus turpis iaculis. Magnis? Auctor quam. Dui curabitur consectetuer odio.,Etiam id. Pede leo arcu massa cras donec potenti magna duis.
9_Q_INSTRUMENT_ID,https://mit.co1.qualtrics.com/ControlPanel/Graphic.php?IM=IM_JYZ9jAuPAoBM2Wc - What tool do you think was mostly likely used to create this image?,"{""ImportId"":""9_QID177""}","design_basic,design_advanced,programming",viz_basic
9_Q_INSTRUMENT_CONF_65,Please rate your confidence in this choice. - https://mit.co1.qualtrics.com/ControlPanel/Graphic.php?IM=IM_JYZ9jAuPAoBM2Wc - Please rate your confidence in this choice.,"{""ImportId"":""9_QID178_65""}",78,65
9_Q_INSTRUMENT_DETAIL,https://mit.co1.qualtrics.com/ControlPanel/Graphic.php?IM=IM_JYZ9jAuPAoBM2Wc - Please specify what specific tool(s)/libraries were most likely used to create this image.,"{""ImportId"":""9_QID179_TEXT""}",Malesuada. Quis ipsum scelerisque magnis quis ante. Etiam ac accumsan a pede sapien.,Morbi dictumst blandit et! Magnis neque eu vel eleifend pretium donec per sem a lacus.
9_Q_CHART_INFORM_1,Do you think this image is intended: - https://mit.co1.qualtrics.com/ControlPanel/Graphic.php?IM=IM_JYZ9jAuPAoBM2Wc - Do you think this image is intended:,"{""ImportId"":""9_QID181_1""}",45,51
9_Q_CHART_LIKE_1,How much do you LIKE this image? - https://mit.co1.qualtrics.com/ControlPanel/Graphic.php?IM=IM_JYZ9jAuPAoBM2Wc - How much do you LIKE this image?,"{""ImportId"":""9_QID188_1""}",49,73
9_Q_CHART_EFFECTIVE_1,How EFFECTIVE is this image? - https://mit.co1.qualtrics.com/ControlPanel/Graphic.php?IM=IM_JYZ9jAuPAoBM2Wc - How EFFECTIVE is this image?,"{""ImportId"":""9_QID191_1""}",18,13
9_Q_CHART_TRUST_1,How much do you TRUST this image? - https://mit.co1.qualtrics.com/ControlPanel/Graphic.php?IM=IM_JYZ9jAuPAoBM2Wc - How much do you TRUST this image?,"{""ImportId"":""9_QID189_1""}",82,94
9_Q_CHART_AESTHETIC_1,How AESTHETICALLY PLEASING is this image? - https://mit.co1.qualtrics.com/ControlPanel/Graphic.php?IM=IM_JYZ9jAuPAoBM2Wc - How AESTHETICALLY PLEASING is this image?,"{""ImportId"":""9_QID190_1""}",78,46
9_Q_CONCLUSION_EXPLAIN,"https://mit.co1.qualtrics.com/ControlPanel/Graphic.php?IM=IM_JYZ9jAuPAoBM2Wc - Please describe what you think about this image in as much detail as possible. It is helpful if you describe what about the image informs your response to the questions above, and why.","{""ImportId"":""9_QID187_TEXT""}","Vitae, tellus atque auctor? Integer metus. Malesuada sit temporibus est vivamus turpis et.",Metus bibendum mauris vitae massa arcu augue ipsum a massa enim ultricies amet eleifend nonummy.
10_loop-number,https://mit.co1.qualtrics.com/ControlPanel/Graphic.php?IM=IM_1eAfWovQaXzlmZl - 10_loop-number,"{""ImportId"":""10_QID241_TEXT""}",5,4
10_Q_ENCOUNTER,"https://mit.co1.qualtrics.com/ControlPanel/Graphic.php?IM=IM_1eAfWovQaXzlmZl - As you're scrolling through your feed, you see this image.  What would you do?","{""ImportId"":""10_QID131""}",scroll,engage
10_comment,"After you pause and look at the image, which of the following would you do next? - https://mit.co1.qualtrics.com/ControlPanel/Graphic.php?IM=IM_1eAfWovQaXzlmZl - post a comment","{""ImportId"":""10_QID149_10""}",,YES
10_share,"After you pause and look at the image, which of the following would you do next? - https://mit.co1.qualtrics.com/ControlPanel/Graphic.php?IM=IM_1eAfWovQaXzlmZl - share / repost","{""ImportId"":""10_QID149_11""}",,YES
10_share_comment,"After you pause and look at the image, which of the following would you do next? - https://mit.co1.qualtrics.com/ControlPanel/Graphic.php?IM=IM_1eAfWovQaXzlmZl - share / repost WITH comment","{""ImportId"":""10_QID149_3""}",,NO
10_research,"After you pause and look at the image, which of the following would you do next? - https://mit.co1.qualtrics.com/ControlPanel/Graphic.php?IM=IM_1eAfWovQaXzlmZl - look up more information about the topic or source","{""ImportId"":""10_QID149_9""}",,YES
10_unfollow,"After you pause and look at the image, which of the following would you do next? - https://mit.co1.qualtrics.com/ControlPanel/Graphic.php?IM=IM_1eAfWovQaXzlmZl - unfollow / block the source","{""ImportId"":""10_QID149_4""}",,YES
10_NOTHING,"After you pause and look at the image, which of the following would you do next? - https://mit.co1.qualtrics.com/ControlPanel/Graphic.php?IM=IM_1eAfWovQaXzlmZl - NOTHING — just keep scrolling","{""ImportId"":""10_QID149_7""}",,YES
10_Q_BEHAVIOR_EXPLAIN,https://mit.co1.qualtrics.com/ControlPanel/Graphic.php?IM=IM_1eAfWovQaXzlmZl - What about the image makes you want to take that action?,"{""ImportId"":""10_QID153_TEXT""}",,Montes consequat orci. Metus etiam! Laoreet purus pede fusce sit nec posuere tellus dignissim nec.
10_Q_MAKER_ID,https://mit.co1.qualtrics.com/ControlPanel/Graphic.php?IM=IM_1eAfWovQaXzlmZl - Who do you think is most likely responsible for having this image created?,"{""ImportId"":""10_QID154""}",major-news,other-group
10_Q_MAKER_ID_CONF_65,Please rate your confidence in this choice. - https://mit.co1.qualtrics.com/ControlPanel/Graphic.php?IM=IM_1eAfWovQaXzlmZl - Please rate your confidence in this choice.,"{""ImportId"":""10_QID157_65""}",71,84
10_Q_MAKER_ID_DETAIL,https://mit.co1.qualtrics.com/ControlPanel/Graphic.php?IM=IM_1eAfWovQaXzlmZl - Please describe what organization or individual is likely to have created this image.,"{""ImportId"":""10_QID155_TEXT""}",Interdum morbi dolorem orci risus. Ab rutrum aenean facilisis neque eget augue.,Ullamcorper iaculis? Praesent amet duis pretium atque ipsum! Consectetuer vehicula viverra mi nibh fermentum primis.
10_Q_MAKER_AGE_1,10_Q_MAKER_AGE - https://mit.co1.qualtrics.com/ControlPanel/Graphic.php?IM=IM_1eAfWovQaXzlmZl - 10_Q_MAKER_AGE,"{""ImportId"":""10_QID162_1""}",7,35
10_Q_MAKER_GENDER_1,10_Q_MAKER_GENDER - https://mit.co1.qualtrics.com/ControlPanel/Graphic.php?IM=IM_1eAfWovQaXzlmZl - 10_Q_MAKER_GENDER,"{""ImportId"":""10_QID164_1""}",92,67
10_Q_MAKER_DESIGN_1,10_Q_MAKER_DESIGN - https://mit.co1.qualtrics.com/ControlPanel/Graphic.php?IM=IM_1eAfWovQaXzlmZl - 10_Q_MAKER_DESIGN,"{""ImportId"":""10_QID165_1""}",78,27
10_Q_MAKER_DATA_1,10_Q_MAKER_DATA - https://mit.co1.qualtrics.com/ControlPanel/Graphic.php?IM=IM_1eAfWovQaXzlmZl - 10_Q_MAKER_DATA,"{""ImportId"":""10_QID166_1""}",96,57
10_Q_MAKER_SPECTRUM_1,10_Q_MAKER_SPECTRUM - https://mit.co1.qualtrics.com/ControlPanel/Graphic.php?IM=IM_1eAfWovQaXzlmZl - 10_Q_MAKER_SPECTRUM,"{""ImportId"":""10_QID159_1""}",76,81
10_Q_MAKER_EXPERT_1,10_Q_MAKER_EXPERT - https://mit.co1.qualtrics.com/ControlPanel/Graphic.php?IM=IM_1eAfWovQaXzlmZl - 10_Q_MAKER_EXPERT,"{""ImportId"":""10_QID167_1""}",55,6
10_Q_MAKER_CHAR_EXPLAIN,"https://mit.co1.qualtrics.com/ControlPanel/Graphic.php?IM=IM_1eAfWovQaXzlmZl - Please describe what about the image (in as much detail as possible) informs your responses to the questions above, and why.","{""ImportId"":""10_QID231_TEXT""}",Mi aliquet pellentesque metus malesuada pharetra commodo! Ridiculus posuere mauris wisi! Luctus.,Ante massa morbi phasellus bibendum laoreet consequat. Ac vivamus purus. Per. Montes donec vestibulum.
10_Q_MAKER_BIAS_1,10_Q_MAKER_BIAS - https://mit.co1.qualtrics.com/ControlPanel/Graphic.php?IM=IM_1eAfWovQaXzlmZl - 10_Q_MAKER_BIAS,"{""ImportId"":""10_QID168_1""}",62,63
10_Q_MAKER_ALIGNMENT_1,10_Q_MAKER_ALIGNMENT - https://mit.co1.qualtrics.com/ControlPanel/Graphic.php?IM=IM_1eAfWovQaXzlmZl - 10_Q_MAKER_ALIGNMENT,"{""ImportId"":""10_QID169_1""}",29,38
10_Q_MAKER_COMPETENCE_1,10_Q_MAKER_COMPETENCE - https://mit.co1.qualtrics.com/ControlPanel/Graphic.php?IM=IM_1eAfWovQaXzlmZl - 10_Q_MAKER_COMPETENCE,"{""ImportId"":""10_QID170_1""}",35,3
10_Q_MAKER_TRUST_1,10_Q_MAKER_TRUST - https://mit.co1.qualtrics.com/ControlPanel/Graphic.php?IM=IM_1eAfWovQaXzlmZl - 10_Q_MAKER_TRUST,"{""ImportId"":""10_QID171_1""}",78,63
10_Q_MAKER_POLITE_1,10_Q_MAKER_POLITE - https://mit.co1.qualtrics.com/ControlPanel/Graphic.php?IM=IM_1eAfWovQaXzlmZl - 10_Q_MAKER_POLITE,"{""ImportId"":""10_QID172_1""}",22,57
10_Q_MAKER_CARE_1,10_Q_MAKER_CARE - https://mit.co1.qualtrics.com/ControlPanel/Graphic.php?IM=IM_1eAfWovQaXzlmZl - 10_Q_MAKER_CARE,"{""ImportId"":""10_QID173_1""}",35,14
10_Q_MAKER_ATT_EXPLAIN,"https://mit.co1.qualtrics.com/ControlPanel/Graphic.php?IM=IM_1eAfWovQaXzlmZl - Please describe what about the image (in as much detail as possible) informs your responses to the questions above, and why.","{""ImportId"":""10_QID232_TEXT""}",Vel luctus risus tempus gravida elit commodo a purus neque wisi. Tempus ligula. Duis nullam.,Dui rhoncus facilisi id scelerisque eu neque. Vulputate primis donec. Est viverra praesent nunc.
10_Q_INSTRUMENT_ID,https://mit.co1.qualtrics.com/ControlPanel/Graphic.php?IM=IM_1eAfWovQaXzlmZl - What tool do you think was mostly likely used to create this image?,"{""ImportId"":""10_QID177""}","design_basic,design_advanced,viz_advanced,viz_basic","design_advanced,programming"
10_Q_INSTRUMENT_CONF_65,Please rate your confidence in this choice. - https://mit.co1.qualtrics.com/ControlPanel/Graphic.php?IM=IM_1eAfWovQaXzlmZl - Please rate your confidence in this choice.,"{""ImportId"":""10_QID178_65""}",21,71
10_Q_INSTRUMENT_DETAIL,https://mit.co1.qualtrics.com/ControlPanel/Graphic.php?IM=IM_1eAfWovQaXzlmZl - Please specify what specific tool(s)/libraries were most likely used to create this image.,"{""ImportId"":""10_QID179_TEXT""}",Commodo bibendum temporibus phasellus consequat accumsan. Neque aliquet etiam sit.,Risus dignissim posuere nec suspendisse venenatis bibendum blandit rhoncus sem culpa rutrum.
10_Q_CHART_INFORM_1,Do you think this image is intended: - https://mit.co1.qualtrics.com/ControlPanel/Graphic.php?IM=IM_1eAfWovQaXzlmZl - Do you think this image is intended:,"{""ImportId"":""10_QID181_1""}",70,99
10_Q_CHART_LIKE_1,How much do you LIKE this image? - https://mit.co1.qualtrics.com/ControlPanel/Graphic.php?IM=IM_1eAfWovQaXzlmZl - How much do you LIKE this image?,"{""ImportId"":""10_QID188_1""}",5,40
10_Q_CHART_EFFECTIVE_1,How EFFECTIVE is this image? - https://mit.co1.qualtrics.com/ControlPanel/Graphic.php?IM=IM_1eAfWovQaXzlmZl - How EFFECTIVE is this image?,"{""ImportId"":""10_QID191_1""}",14,25
10_Q_CHART_TRUST_1,How much do you TRUST this image? - https://mit.co1.qualtrics.com/ControlPanel/Graphic.php?IM=IM_1eAfWovQaXzlmZl - How much do you TRUST this image?,"{""ImportId"":""10_QID189_1""}",48,34
10_Q_CHART_AESTHETIC_1,How AESTHETICALLY PLEASING is this image? - https://mit.co1.qualtrics.com/ControlPanel/Graphic.php?IM=IM_1eAfWovQaXzlmZl - How AESTHETICALLY PLEASING is this image?,"{""ImportId"":""10_QID190_1""}",30,70
10_Q_CONCLUSION_EXPLAIN,"https://mit.co1.qualtrics.com/ControlPanel/Graphic.php?IM=IM_1eAfWovQaXzlmZl - Please describe what you think about this image in as much detail as possible. It is helpful if you describe what about the image informs your response to the questions above, and why.","{""ImportId"":""10_QID187_TEXT""}",Augue fringilla sapien? Faucibus elementum est sem. Commodo temporibus. Convallis quis faucibus sem venenatis sagittis.,Accusamus ab nibh faucibus fringilla nonummy sem? Gravida vitae. Primis velit! Diam pede magnis.
CONSENT,"Consent Statement  Please review the following information about this study.   	 	TASK: If you agree to participate in this study, we will ask you to answer a series of questions about a series of images.  	 	 	BENEFITS:  There will be no direct benefits to you other than compensation. 	 	 	RISKS: We don't anticipate any risks from participating in this study to be greater than normal activity. 	 	 	PRIVACY:  No personally identifying information will be revealed to anyone other than the researchers conducting this study. The records of this study will be kept private. We do not collect any personally-identifying information.   	 	 	SECURITY: All records pertaining to this research are stored on encrypted servers. Only the researchers will have access to the records. 	 	 	CHOICE:  Participating in this study is completely voluntary. If you decline to participate, it will not affect your current or future relationship with the researchers. 	 	 	WITHDRAWAL: If you agree to participate, you are free to withdraw at any time. You can withdraw by closing the browser window. If you withdraw, your responses will not be recorded.  	 	 	QUESTIONS: You may ask any questions about the research at any time. If you have questions about the research after you complete the task, please contact Arvind Satyanarayan. 	 	 	QUESTIONS: If you are not satisfied with response of research team, have more questions, or want to talk with someone about your rights as a research participant, you should contact the MIT Committee on the Use of Humans as Experimental Subjects (COUHES).","{""ImportId"":""QID1317169827""}",I have read the above information and AGREE to participate in this study.,I have read the above information and AGREE to participate in this study.
ELIGIBILITY,Eligibility  You are eligible for this study if and only if:    You are over 18 years of age.  You are sighted and do not have color blindness or other color vision impairment.  You are comfortable reading and writing in English.  You have JavaScript enabled in your browser.,"{""ImportId"":""QID1317169828""}",I have read the above information and attest that I AM eligible to participate in this study.,I have read the above information and attest that I AM eligible to participate in this study.
Q114,"Generally speaking, would you say that most people can be trusted or that you need to be very careful in dealing with people?","{""ImportId"":""QID115""}",,
Q115_1,"How much you trust people from various groups. For each group, do you trust people from this group completely, somewhat, not very much or not at all? - Your family","{""ImportId"":""QID116_1""}",,
Q115_2,"How much you trust people from various groups. For each group, do you trust people from this group completely, somewhat, not very much or not at all? - Your neighborhood","{""ImportId"":""QID116_2""}",,
Q115_3,"How much you trust people from various groups. For each group, do you trust people from this group completely, somewhat, not very much or not at all? - People you know personally","{""ImportId"":""QID116_3""}",,
Q115_4,"How much you trust people from various groups. For each group, do you trust people from this group completely, somewhat, not very much or not at all? - People you meet for the first time","{""ImportId"":""QID116_4""}",,
Q115_5,"How much you trust people from various groups. For each group, do you trust people from this group completely, somewhat, not very much or not at all? - People of another religion","{""ImportId"":""QID116_5""}",,
Q115_6,"How much you trust people from various groups. For each group, do you trust people from this group completely, somewhat, not very much or not at all? - People of another nationality","{""ImportId"":""QID116_6""}",,
Q116_1,"How much confidence do you have in various organizations. For each organization, a great deal of confidence, quite a lot of confidence, not very much confidence or none at all? - Religious institutions (e.g., churches, mosques, temples, synagogues, etc.).","{""ImportId"":""QID117_1""}",,
Q116_2,"How much confidence do you have in various organizations. For each organization, a great deal of confidence, quite a lot of confidence, not very much confidence or none at all? - The armed forces","{""ImportId"":""QID117_2""}",,
Q116_3,"How much confidence do you have in various organizations. For each organization, a great deal of confidence, quite a lot of confidence, not very much confidence or none at all? - The press","{""ImportId"":""QID117_3""}",,
Q116_4,"How much confidence do you have in various organizations. For each organization, a great deal of confidence, quite a lot of confidence, not very much confidence or none at all? - Television","{""ImportId"":""QID117_4""}",,
Q116_5,"How much confidence do you have in various organizations. For each organization, a great deal of confidence, quite a lot of confidence, not very much confidence or none at all? - Labor Unions","{""ImportId"":""QID117_5""}",,
Q116_6,"How much confidence do you have in various organizations. For each organization, a great deal of confidence, quite a lot of confidence, not very much confidence or none at all? - The police","{""ImportId"":""QID117_6""}",,
Q116_7,"How much confidence do you have in various organizations. For each organization, a great deal of confidence, quite a lot of confidence, not very much confidence or none at all? - The courts","{""ImportId"":""QID117_7""}",,
Q116_8,"How much confidence do you have in various organizations. For each organization, a great deal of confidence, quite a lot of confidence, not very much confidence or none at all? - The government","{""ImportId"":""QID117_8""}",,
Q116_9,"How much confidence do you have in various organizations. For each organization, a great deal of confidence, quite a lot of confidence, not very much confidence or none at all? - Political parties","{""ImportId"":""QID117_9""}",,
Q116_10,"How much confidence do you have in various organizations. For each organization, a great deal of confidence, quite a lot of confidence, not very much confidence or none at all? - Congress","{""ImportId"":""QID117_10""}",,
Q116_11,"How much confidence do you have in various organizations. For each organization, a great deal of confidence, quite a lot of confidence, not very much confidence or none at all? - The civil service","{""ImportId"":""QID117_11""}",,
Q116_12,"How much confidence do you have in various organizations. For each organization, a great deal of confidence, quite a lot of confidence, not very much confidence or none at all? - Universities","{""ImportId"":""QID117_12""}",,
Q116_13,"How much confidence do you have in various organizations. For each organization, a great deal of confidence, quite a lot of confidence, not very much confidence or none at all? - Elections","{""ImportId"":""QID117_13""}",,
Q116_14,"How much confidence do you have in various organizations. For each organization, a great deal of confidence, quite a lot of confidence, not very much confidence or none at all? - Major companies","{""ImportId"":""QID117_14""}",,
Q116_15,"How much confidence do you have in various organizations. For each organization, a great deal of confidence, quite a lot of confidence, not very much confidence or none at all? - Banks","{""ImportId"":""QID117_15""}",,
Q116_16,"How much confidence do you have in various organizations. For each organization, a great deal of confidence, quite a lot of confidence, not very much confidence or none at all? - Environmental Organizations","{""ImportId"":""QID117_16""}",,
Q116_17,"How much confidence do you have in various organizations. For each organization, a great deal of confidence, quite a lot of confidence, not very much confidence or none at all? - Women’s organizations","{""ImportId"":""QID117_17""}",,
Q116_18,"How much confidence do you have in various organizations. For each organization, a great deal of confidence, quite a lot of confidence, not very much confidence or none at all? - Charitable or humanitarian organizations","{""ImportId"":""QID117_18""}",,
Q116_19,"How much confidence do you have in various organizations. For each organization, a great deal of confidence, quite a lot of confidence, not very much confidence or none at all? - NAFTA","{""ImportId"":""QID117_19""}",,
Q116_20,"How much confidence do you have in various organizations. For each organization, a great deal of confidence, quite a lot of confidence, not very much confidence or none at all? - The UN","{""ImportId"":""QID117_20""}",,
Q116_21,"How much confidence do you have in various organizations. For each organization, a great deal of confidence, quite a lot of confidence, not very much confidence or none at all? - NATO","{""ImportId"":""QID117_21""}",,
Q116_22,"How much confidence do you have in various organizations. For each organization, a great deal of confidence, quite a lot of confidence, not very much confidence or none at all? - The WHO","{""ImportId"":""QID117_22""}",,
Q112,How old are you?,"{""ImportId"":""QID112""}",,
Q113,How do you describe yourself? - Selected Choice,"{""ImportId"":""QID113""}",,
Q113_4_TEXT,How do you describe yourself? - Prefer to self-describe - Text,"{""ImportId"":""QID113_4_TEXT""}",,
Q109,Choose one or more races that you consider yourself to be,"{""ImportId"":""QID109""}",,
Q110,What is the highest level of education you have completed?,"{""ImportId"":""QID110""}",,
Q114,What best describes your employment status over the last three months?,"{""ImportId"":""QID114""}",,
Q111,What was your total household income before taxes during the past 12 months?,"{""ImportId"":""QID111""}",,
PROLIFIC_PID,PROLIFIC_PID,"{""ImportId"":""PROLIFIC_PID""}",Suscipit porttitor felis laoreet interdum cras velit dignissim? Vehicula? Pede vehicula.,"Vitae vel mi, consequat? Mauris tellus interdum? Lectus nullam nulla primis aliquet? Amet aenean velit."
PLATFORM,PLATFORM,"{""ImportId"":""PLATFORM""}",Instagram,Reddit